isbn,title,author,publisher,year,cover,user_id
9784274068669,RailsによるアジャイルWebアプリケーション開発,"Hansson,DavidHeinemeier／著 Ruby,Sam／著 Thomas,David／著 ほか",オーム社,https://cover.openbd.jp/9784274068669.jpg,,1
9784797363821,Rails3レシピブック190の技,松田明／著 諸橋恭介／著 高橋征義／著,ソフトバンククリエイティブ,https://cover.openbd.jp/9784797363821.jpg,,1
9784320120020,データマイニング,福田剛志／著 森本康彦／著 徳山豪／著,共立出版,https://cover.openbd.jp/9784320120020.jpg,,1
9.78427E+12,詳解ネットワークQoS技術,戸田巌／著,オーム社,,,1
9784833415545,インターネット革命,大前研一／著,プレジデント社,,,1
9784839937935,HTML5基礎,山田祥寛／監修 片渕彼富／著 片淵彼富／著,毎日コミュニケーションズ,https://cover.openbd.jp/9784839937935.jpg,,1
9784339027198,数理計画法,加藤直樹／著,コロナ社,https://cover.openbd.jp/9784339027198.jpg,,1
9784756150080,UNIX magazine classic with DVD,アスキー／著 坂下秀／著 山口英／著 鴨中茂太郎／著,アスキー,,,1
9784320120129,アルゴリズム工学 計算困難問題への挑戦,杉原厚吉／編集,共立出版,https://cover.openbd.jp/9784320120129.jpg,,1
9784274060786,インターネット漂流記,吉田茂樹／著 森秀和／著,オーム社,,,1
9784810180596,Internetビギナーズガイド,"LaQuey,TracyL.／著 Ryer,JeanneC／著 鈴木摂／翻訳 LaQueyTracy／著 ほか",トッパン,,,1
9784526029011,実践X-Window ver.11プログラミング : XlibとXツールキット,加藤木和夫／著 小林聡／著 飯尾秀人／著 小貫正弘／著,日刊工業新聞社,,,1
9784807912261,目で見る高次元の世界,"Banchoff,Thomas／著 橋爪道彦／翻訳 永田雅宜／翻訳 BanchoffThomasF.／著 ほか",東京化学同人,,,1
9784003394816,サイバネティックス（ウィーナー）,ノーバート・ウィーナー／著 池原止戈夫／著 彌永昌吉／著,岩波書店,,,1
9784304040757,高等学校学習指導要領解説,文部科学省／著,開隆堂出版,,,1
9784785631178,Cによるアルゴリズムとデータ構造,茨木俊秀／著,昭晃堂,,,1
9784774140179,ソフトウェア開発の名著を読む,柴田芳樹／著,技術評論社,https://cover.openbd.jp/9784774140179.jpg,,1
9784873114057,エレガントな問題解決,PaulZeitz／著 伊知地宏／翻訳 山口文彦／翻訳 松崎公紀／翻訳 松永多苗子／翻訳 ほか,オライリー・ジャパン,,,1
9784274132780,アルゴリズム論,和田幸一／著 増澤利光／著 浅野哲夫／著 増沢利光／著,オーム社,https://cover.openbd.jp/9784274132780.jpg,,1
9784764903463,ネットワーク科学の道具箱 : つながりに隠れた現象をひもとく,上林憲行／著 佐藤一憲／著 林幸雄／著 相馬亘／著 藤原義久／著 小野直亮／著 湯田聴夫／著 ほか,近代科学社,https://cover.openbd.jp/9784764903463.jpg,,1
9784797351200,ビックリするほど役立つ!!理工系のフリーソフト50 : 数学、物理、化学、生物、地学、宇宙、工学の使えるソフトをまとめて紹介,大崎誠／著 小原裕太／著 林利明／著 金子雄太／著,ソフトバンククリエイティブ,https://cover.openbd.jp/9784797351200.jpg,,1
9784781912561,離散数学 : グラフ・束・デザイン・離散確率,浅野孝夫／著,サイエンス社,https://cover.openbd.jp/9784781912561.jpg,,1
9784254117899,ネットワーク最適化とアルゴリズム,繁野麻衣子／著,朝倉書店,,,1
9784627917712,わかりやすい数理計画法,坂和正敏／著 矢野均／著 西崎一郎／著,森北,https://cover.openbd.jp/9784627917712.jpg,,1
9784339018387,数理計画法,山下信雄／著 福島雅夫／著 電子情報通信学会／著 電子通信学会／著,コロナ社,https://cover.openbd.jp/9784339018387.jpg,,1
9784320122352,メタヒューリスティクスの数理,久保幹雄／著 J．P．ペドロソ／著,共立出版,https://cover.openbd.jp/9784320122352.jpg,,1
9784822234317,まつもとゆきひろコードの世界 : スーパー・プログラマになる14の思考法,まつもとゆきひろ／著 日経Linux／著,日経BP社 : 日経BP出版センター,https://cover.openbd.jp/9784822234317.jpg,,1
9784627847811,遺伝的アルゴリズム : その理論と先端的手法,棟朝雅晴／著,森北,https://cover.openbd.jp/9784627847811.jpg,,1
9784782851364,遺伝的アルゴリズム,北野宏明／著,産業図書,,,1
9784320122390,Google PageRankの数理,AmyN.Langville／著 CarlD.Meyer／著 岩野和生／翻訳,共立出版,https://cover.openbd.jp/9784320122390.jpg,,1
9784274067754,プログラミングのための確率統計,堀玄／著 平岡和幸／著,オーム社,https://cover.openbd.jp/9784274067754.jpg,,1
9784320121829,化学系・生物系の計算モデル,萩谷昌己／著 山本光晴／著,共立出版,https://cover.openbd.jp/9784320121829.jpg,,1
9784320122512,適応的分散アルゴリズム,増澤利光／著 山下雅史／著,共立出版,https://cover.openbd.jp/9784320122512.jpg,,1
9784873114286,アルゴリズムクイックリファレンス,GeorgeT.Heineman／著 GaryPollice／著 StanleySelkow／著 ほか,オライリー・ジャパン,,,1
9784797327922,明解C言語,柴田望洋／著,ソフトバンクパブリッシング,https://cover.openbd.jp/9784797327922.jpg,,1
9784339033700,情報数学 : 組合せと整数およびアルゴリズム解析の数学,浅野孝夫／著,コロナ社,https://cover.openbd.jp/9784339033700.jpg,,1
9783540358534,Theoretical aspects of local search,AartsEmile／著,Springer,,,1
9784621081464,量子コンピュータ科学の基礎,"Mermin,N.David／著 木村元／翻訳 マーミンN.D.／著",丸善,https://cover.openbd.jp/9784621081464.jpg,,1
9784822283889,クラウド大全 : サービス詳細から基盤技術まで,日経BP社出版局／著 中田敦／著,日経BP社 : 日経BP出版センター,https://cover.openbd.jp/9784822283889.jpg,,1
9784904419069,論文・プレゼンの科学 : 読ませる論文・卒論、聴かせるプレゼン、伝わる英語の公式,河田聡／著,アドスリー : 丸善出版事業部,https://cover.openbd.jp/9784904419069.jpg,,1
9784844325796,まるごとRuby!,arton／著 るびきち／著 大場光一郎／著 後藤謙太郎／著 高井直人／著,インプレスジャパン : インプレスコミュニケーションズ,https://cover.openbd.jp/9784844325796.jpg,,1
9780691129938,The traveling salesman problem : a computational study,"Cook,WilliamJ.／著 Chvatal,Vasek／著",Princeton University Press,,,1
9780262042192,Ant colony optimization,StutzleThomas／著,MIT Press,,,1
9784163725000,完全なる破壊 グーグル秘録,ケン・オーレッタ／著 土方奈美／翻訳,文藝春秋,https://cover.openbd.jp/9784163725000.jpg,,1
9784320027015,人工生命 情報と生命とCGの交差点,人工生命研究会／編集,共立出版,https://cover.openbd.jp/9784320027015.jpg,,1
9784062744027,理系のためのPowerPoint「超」入門 : プレゼンテーションからホームページ作成まで,石居進／著,講談社,https://cover.openbd.jp/9784062744027.jpg,,1
9784785631222,ITの基礎知識 : 情報技術を考える,辻野嘉宏／著,昭晃堂,,,1
9784274131493,わかりやすいパターン認識,上田修功／著 前田英作／著 村瀬洋／著 石井健一郎／著,オーム社,,,1
9784774135663,「24時間365日」サーバ/インフラを支える技術 : スケーラビリティ、ハイパフォーマンス、省力運用,伊藤直也／著 勝見祐己／著 田中慎司／著 安井真伸／著 横川和哉／著 ひろせまさあき／著,技術評論社,https://cover.openbd.jp/9784774135663.jpg,,1
9784762017414,教育の比較社会学,原清治／著 山内乾史／著 杉本均／著,学文社,https://cover.openbd.jp/9784762017414.jpg,,1
9784320028111,エシックス,武藤佳恭／著,共立出版,https://cover.openbd.jp/9784320028111.jpg,,1
9784785631420,"情報セキュリティ 暗号,認証,倫理まで",笠原正雄／著 辻井重男／著,昭晃堂,https://cover.openbd.jp/9784785631420.jpg,,1
9784774129020,理系のためのプレゼンのアイディア,ひらばやしじゅん／著 平林純／著,技術評論社,https://cover.openbd.jp/9784774129020.jpg,,1
9784830945229,"技師とマネジメント思想 : アメリカにおけるマネジメント思想の生成,1880年～1920年",廣瀬幹好／著,文眞堂,https://cover.openbd.jp/9784830945229.jpg,,1
9784781911120,情報処理システム入門,市川照久／著 浦昭二／著,サイエンス社,https://cover.openbd.jp/9784781911120.jpg,,1
9784844323044,コンピュータの名著・古典100冊 : 若きエンジニア〈必読〉のブックガイド,塩田紳二／著 安達淳／著 山田伸一郎／著 石田晴久／著 青山幹雄／著,インプレスジャパン : インプレスコミュニケーションズ,https://cover.openbd.jp/9784844323044.jpg,,1
9784774124223,コンピュータのしくみを理解するための10章 : コンピュータはどのように動くのか : ディジタル回路からアルゴリズムまでのステップ,馬場敬信／著,技術評論社,https://cover.openbd.jp/9784774124223.jpg,,1
9784902403008,コンピュータの発明 : エンジニアリングの軌跡,能澤徹／著 能沢徹／著,テクノレヴュー,https://cover.openbd.jp/9784902403008.jpg,,1
9784627822207,知能はコンピュータで実現できるか?,"Graubard,StephenR／著 Graubard,StephenRichards／著 ほか",森北,,,1
9784805108451,ドクター・オガワに会いにいこう。 : はじめてのマーケティング,上田バロン／イラスト 小川進／著,千倉書房,https://cover.openbd.jp/9784805108451.jpg,,1
9784501513207,ニューラルコンピュータ 脳と神経に学ぶ,合原一幸／著,東京電機大学出版局,,,1
9784876037032,ネットワーク時代の学術情報支援,日本私立大学連盟／著 日本私立大学連盟研修企画委員会／監修 日本私立大学連盟研修企画委員会学術情報支援サービス分科会／編集 ほか,開成,,,1
9784274078118,バーチャルリアリティ,広瀬通孝／著 電子通信学会／著 電子情報通信学会／著,オーム社,,,1
9784627824324,コンピュータとは何だろうか[第2版],,森北出版,,,1
9784797307412,パーソナルコンピュータを創ってきた人々,脇英世／著,ソフトバンク出版事業部,,,1
9784844318286,コンピュータの名著・古典100冊 : 若きエンジニア〈必読〉のブックガイド,塩田紳二／著 安達淳／著 山田伸一郎／著 石田晴久／著 青山幹雄／著,インプレスネットビジネスカンパニー : インプレスコミュニケーションズ,https://cover.openbd.jp/9784844318286.jpg,,1
9784095260952,データパル : 最新情報・用語事典,小学館／著,小学館,,,1
9784798119427,オープンガイドブックOpenOffice.org(オルグ) 3,松井幹彦／著 鎌滝雅久／著 あわしろいくや／著 グッデイ／著 松宮哲／著 榎真治／著 ほか,翔泳社,https://cover.openbd.jp/9784798119427.jpg,,1
9784756148650,プロなら知っておきたいネットワークの最新知識,ネットワークマガジン編集部／編集,アスキー総研（旧アスキー）,https://cover.openbd.jp/9784756148650.jpg,,1
9784890526727,ファイアウォール : インターネット接続でのセキュリティ管理技術,"Bellovin,StevenM／著 Cheswick,WilliamR／著 川副博／翻訳 ほか",ソフトバンク出版事業部,,,1
9784798112725,目的別Google活用テクニック,水野貴明／著,翔泳社,https://cover.openbd.jp/9784798112725.jpg,,1
9784890526666,インターネット構築術,石橋勇人／著,ソフトバンク出版事業部,,,1
9784844326779,日本でインターネットはどのように創られたのか? : WIDEプロジェクト20年の挑戦の記録,WIDEProject／著 WIDEプロジェクト／著 村井純／監修,インプレスR&D : インプレスコミュニケーションズ,https://cover.openbd.jp/9784844326779.jpg,,1
9784774119854,不正侵入検知「IDS」入門,日吉龍／著,技術評論社,https://cover.openbd.jp/9784774119854.jpg,,1
9784774130101,今すぐ使えるGoogleサービス完全活用ガイド,清水隆夫／著,技術評論社,,,1
9784774132877,Google Gearsスタートガイド,白石俊平／著,技術評論社,https://cover.openbd.jp/9784774132877.jpg,,1
9784900900028,PGP : 暗号メールと電子署名 Encryption for everyone,"Garfinkel,Simson／著 ユニテック／翻訳 山本和彦／翻訳 ガーフィンケルシムソン／著",オライリー・ジャパン,,,1
9784756147950,Ｇｏｏｇｌｅ　Ｔｏｏｌ　ウェブ２．０時代をリードするＧｏｏｇｌｅサービス完全活用ガイド,,アスキー総研（旧アスキー）,https://cover.openbd.jp/9784756147950.jpg,,1
9784774121642,すぐに役立つトラブルにならないためのインターネットマナー,傍嶋恵子／著 菅原有希子／著,技術評論社,https://cover.openbd.jp/9784774121642.jpg,,1
9784756134790,インターネットの起源,"Hafner,Katie／著 Lyon,Matthew／著 加地永都子／翻訳 道田豪／翻訳 ほか",アスキー,,,1
9784757100534,2015年の情報通信技術 : 次世代ITの未来ビジョン,NTT技術予測研究会／著 立川敬二／監修,NTT,,,1
9784774129082,Web 2.0ツールのつかいかた : まだ、Googleだけですか?,小飼弾／著 梅田望夫／著 橋本大也／著 野本幹彦／著,技術評論社,https://cover.openbd.jp/9784774129082.jpg,,1
9784621041970,私たちをとりまくコンピュータとネットワークの世界,小国力／著,丸善,,,1
9784943810469,インターネットパーフェクトガイド : For Macintosh,山中俊哉／著,みずき,,,1
9784621080139,ポイントで学ぶ科学英語の効果的な書き方,小野義正／著,丸善,https://cover.openbd.jp/9784621080139.jpg,,1
9784764902961,グラフ理論入門,"Wilson,RobinJ／著 西関裕子／翻訳 西関隆夫／翻訳 ウィルソンR.J.／著",近代科学社,,,1
9784768400906,数学 : イラスト版オリジナル,"Ravetz,Jerry／著 Sardar,Ziauddin／著 VanLoon,Borin／著 ほか",現代書館,,,1
9784320017252,ゲーム理論入門,鈴木光男／著,共立出版,https://cover.openbd.jp/9784320017252.jpg,,1
9784000077088,FORTRAN計算幾何プログラミング,杉原厚吉／著,岩波書店,,,1
9784811565217,データマイニングと組織能力,矢田勝俊／著,多賀,https://cover.openbd.jp/9784811565217.jpg,,1
9784811572314,公会計と政策情報システム,宗岡徹／著 柴健次／著 鵜飼康東／著,多賀,https://cover.openbd.jp/9784811572314.jpg,,1
9784811565118,銀行業情報システム投資の経済分析,鵜飼康東／著,多賀,https://cover.openbd.jp/9784811565118.jpg,,1
9784489020209,SPSSで学ぶ医療系データ解析,対馬栄輝／著,東京図書,https://cover.openbd.jp/9784489020209.jpg,,1
9784489020179,すぐわかるSPSSによるアンケートの調査・集計・解析,内田治／著,東京図書,https://cover.openbd.jp/9784489020179.jpg,,1
9784489020261,SPSSによる統計処理の手順,石村貞夫／著,東京図書,https://cover.openbd.jp/9784489020261.jpg,,1
9784274066917,Excelでかんたん統計分析 : 「分析ツール」を使いこなそう!,上田太一郎／監修 末吉正成／著 村田真樹／著 渕上美喜／著 近藤宏／著,オーム社,https://cover.openbd.jp/9784274066917.jpg,,1
9784320026858,数学とコンピュータ,一松信／著,共立出版,https://cover.openbd.jp/9784320026858.jpg,,1
9784000065580,脳の不思議,伊藤正男／著,岩波書店,,,1
9784062574204,理系のための英語便利帳,倉島保美／著 榎本智子／著 黒木博／著,講談社,https://cover.openbd.jp/9784062574204.jpg,,1
9784062574488,間違いだらけの英語科学論文,原田豊太郎／著,講談社,,,1
9784000065535,電子マネー,岡本栄司／著 満保雅浩／著,岩波書店,,,1
9784022732545,クラウド・コンピューティング : ウェブ2.0の先にくるもの,西田宗千佳／著,朝日新聞,https://cover.openbd.jp/9784022732545.jpg,,1
9784756149169,ウェブ仮想社会「セカンドライフ」 : ネットビジネスの新大陸,浅枝大志／著,アスキー,https://cover.openbd.jp/9784756149169.jpg,,1
9784334031114,ホームページにオフィスを作る,野口悠紀雄／著,光文社,https://cover.openbd.jp/9784334031114.jpg,,1
9784000065856,ブロードバンド時代のインターネットセキュリティ,山口英／著,岩波書店,,,1
9784774130156,いちばんやさしいオブジェクト指向の本,井上樹／著,技術評論社,https://cover.openbd.jp/9784774130156.jpg,,1
9784106102837,迷惑メールは誰が出す?,岡嶋裕史／著,新潮社,https://cover.openbd.jp/9784106102837.jpg,,1
9784757101364,ユビキタス、TRONに出会う : 「どこでもコンピュータ」の時代へ,坂村健／著,NTT,https://cover.openbd.jp/9784757101364.jpg,,1
9784166605958,ポスト・グーグル時代 20の論点 ネット未来地図,佐々木俊尚／著,文藝春秋,https://cover.openbd.jp/9784166605958.jpg,,1
9784062575843,理系のための口頭発表術,ロバート．Ｒ．Ｈ・アンホルト／著 鈴木炎／翻訳 イイイン．サンディ・リー／翻訳,講談社,,,1
9784062571869,理系のための研究生活ガイド : テーマの選び方から留学の手続きまで,坪田一男／著,講談社,,,1
9784797349771,論理的にプレゼンする技術 : 聴き手の記憶に残る話し方の極意,ひらばやしじゅん／著 平林純／著,ソフトバンククリエイティブ,https://cover.openbd.jp/9784797349771.jpg,,1
9784062574297,数学21世紀の7大難問,中村亨／著,講談社,https://cover.openbd.jp/9784062574297.jpg,,1
9784327452155,理科系のためのかならず書ける英語論文 : technical communication,藤野輝雄／著,研究社,https://cover.openbd.jp/9784327452155.jpg,,1
9784320016170,グラフ・ネットワーク・組合せ論,藤重悟／著,共立出版,https://cover.openbd.jp/9784320016170.jpg,,1
9784320005631,どう書くか 理科系のための論文作法,杉原厚吉／著,共立出版,https://cover.openbd.jp/9784320005631.jpg,,1
9784887242012,奇跡の英語類語辞典,長崎玄弥／著,DHC,,,1
9784874084144,C言語による最新アルゴリズム事典,奥村晴彦／著,技術評論社,,,1
9784894716667,アルゴリズム入門 : 設計と解析,"Baase,Sara／著 加藤直樹／翻訳 岩野和生／翻訳 永持仁／翻訳 バーズサラ／著",ピアソン・エデュケーション,,,1
9784774112404,Javaによるはじめてのアルゴリズム入門,河西朝雄／著,技術評論社,,,1
9784563015695,JavaScriptによるアルゴリズムデザイン : オブジェクト指向からDB・Web・マイニングまで,石川博／著,培風館,https://cover.openbd.jp/9784563015695.jpg,,1
9784797320572,パソコンの仕組み : 最新テクノロジーと将来の動向,伊勢雅英／著,ソフトバンクパブリッシング,,,1
9784822281014,プログラムはなぜ動くのか : 知っておきたいプログラミングの基礎知識,日経ソフトウエア／著 日経ソフトウエア編集部／著 矢沢久雄／著,日経BP社 : 日経BP出版センター,,,1
9784873115047,ビューティフルビジュアライゼーション,JulieSteele／著 NoahIliinsky／著 増井俊之／監修 牧野聡／翻訳,オライリー・ジャパン,,,1
9784877832728,KINECTセンサー画像処理プログラミング : 身体の動きがコントローラ : C++でKinectプログラミング,谷尻豊寿／著,カットシステム,https://cover.openbd.jp/9784877832728.jpg,,1
9784759814699,学生・研究者のための伝わる!学会ポスターのデザイン術 : ポスター発表を成功に導くプレゼン手法,宮野公樹／著,化学同人,https://cover.openbd.jp/9784759814699.jpg,,1
9784320122918,クラウドコンピューティング : サーバは雲のかなた : 決定版,加藤英雄／著,共立,https://cover.openbd.jp/9784320122918.jpg,,1
9784274065194,TCP/IPソケットプログラミング,"Calvert,KennethL／著 Donahoo,MichaelJ／著 小高知宏／翻訳 ほか",オーム社,https://cover.openbd.jp/9784274065194.jpg,,1
9784873110288,電子メールプロトコル : 基本・実装・運用,"Wood,Dave／著 佐々木雅之／著 大川佳織／翻訳 WoodDavid／著 千葉猛／翻訳 ほか",オライリー・ジャパン : オーム社,,,1
9784873112251,SELinuxシステム管理 : セキュアOSの基礎と運用,"McCarty,Bill／著 林秀幸／翻訳 根津研介／翻訳 田口裕也／翻訳 マッカーティビル／著",オライリー・ジャパン : オーム社,https://cover.openbd.jp/9784873112251.jpg,,1
9784873113647,集合知プログラミング,"Segaran,Toby／著 當山仁健／翻訳 鴨澤眞夫／翻訳 セガラントビー／著",オライリー・ジャパン : オーム社,https://cover.openbd.jp/9784873113647.jpg,,1
9784873113784,ビジュアライジング・データ : Processingによる情報視覚化手法,"Fry,Ben／著 加藤慶彦／翻訳 増井俊之／翻訳 フライベン／著",オライリー・ジャパン : オーム社,https://cover.openbd.jp/9784873113784.jpg,,1
9784873114101,デザイニング・ウェブナビゲーション : 最適なユーザーエクスペリエンスの設計,"Kalbach,James／著 児島修／翻訳 浅野紀予／翻訳 長谷川敦士／翻訳 カールバックジェームズ／著",オライリー・ジャパン : オーム社,https://cover.openbd.jp/9784873114101.jpg,,1
9784873113227,初めてのJavaScript : Ajax & DOM対応,"Powers,Shelley／著 武舎るみ／翻訳 武舎広幸／翻訳 パワーズシェリー／著",オライリー・ジャパン : オーム社,https://cover.openbd.jp/9784873113227.jpg,,1
9784873111261,初めてのPerl,"Phoenix,Tom／著 Schwartz,RandalL／著 近藤嘉雪／翻訳",オライリー・ジャパン;オーム社 (発売),,,1
9784873112480,Linuxクックブック : Linuxを120%使いこなすレシピ集 : practical advice for Linux users & system administrators,"Schroder,Carla／著 林秀幸／翻訳 シュローダーカーラ／著",オライリー・ジャパン : オーム社,https://cover.openbd.jp/9784873112480.jpg,,1
9784873110431,IMAP,"Mullet,Dianna／著 Mullet,Kevin／著 オレンジソフト／翻訳 ほか",オライリー・ジャパン : オーム社,,,1
9784873113166,デザイニング・インターフェース : パターンによる実践的インタラクションデザイン,"Tidwell,Jenifer／著 ソシオメディア／著 ソシオメディア株式会社／著 ほか",オライリー・ジャパン : オーム社,https://cover.openbd.jp/9784873113166.jpg,,1
9784873113913,JavaScript:the good parts : 「良いパーツ」によるベストプラクティス,"Crockford,Douglas／著 水野貴明／翻訳 クロフォードダグラス／著",オライリー・ジャパン : オーム社,https://cover.openbd.jp/9784873113913.jpg,,1
9784797328356,ふつうのLinuxプログラミング : Linuxの仕組みから学べるgccプログラミングの王道,青木峰郎／著,ソフトバンクパブリッシング,https://cover.openbd.jp/9784797328356.jpg,,1
9784872835441,ビジュアルラーニングC++入門,さかおまい／著,エクスメディア,https://cover.openbd.jp/9784872835441.jpg,,1
9784320120518,Linuxで並列処理をしよう,石川裕／著,共立出版,https://cover.openbd.jp/9784320120518.jpg,,1
9784839919849,OS自作入門 : 30日でできる!,川合秀実／著,毎日コミュニケーションズ,https://cover.openbd.jp/9784839919849.jpg,,1
9784797331820,やさしいJava,高橋麻奈／著,ソフトバンクパブリッシング,https://cover.openbd.jp/9784797331820.jpg,,1
9784130629119,ベクトル解析入門,小林亮／著 高橋大輔／著,東京大学出版会,https://cover.openbd.jp/9784130629119.jpg,,1
9784254209808,システム制御のための知的情報処理,システム制御情報学会／著 吉原郁夫／著,朝倉書店,,,1
9784320018082,やさしく学べる統計学,石村園子／著,共立出版,https://cover.openbd.jp/9784320018082.jpg,,1
9784774143279,Emacsテクニックバイブル : 作業効率をカイゼンする200の技,るびきち／著,技術評論社,https://cover.openbd.jp/9784774143279.jpg,,1
9784756144799,入門Postfix,野村直／著,アスキー,https://cover.openbd.jp/9784756144799.jpg,,1
9784900900387,UNIX &インターネットセキュリティ,"Garfinkel,Simson／著 Spafford,Gene／著 山口英／翻訳 ほか",オライリー・ジャパン : オーム社,,,1
9784873111704,正規表現デスクトップリファレンス,"Stubblebine,Tony／著 三島純子／翻訳 歌代和正／翻訳 スタッブルバイントニー／著",オライリー・ジャパン : オーム社,https://cover.openbd.jp/9784873111704.jpg,,1
9784774143453,天才ガロアの発想力 : 対称性と群が明かす方程式の秘密,小島寛之／著,技術評論社,https://cover.openbd.jp/9784774143453.jpg,,1
9784621082744,科学英語表現19のツボ : おもしろいように伝わる!,大森充香／翻訳 畠山雄二／翻訳 デイロバート・A.／著,丸善出版事業部,https://cover.openbd.jp/9784621082744.jpg,,1
9784886862792,エピソードでたどるパソコン誕生の謎,岸野正剛／著,電気学会 : オーム社,https://cover.openbd.jp/9784886862792.jpg,,1
9784756118448,Lions' commentary on UNIX,"Lions,John／著 岩本信一／翻訳 ライオンズジョン／著",アスキー,,,1
9784873114590,ビューティフルセキュリティ,"Oram,Andrew／著 Viega,John／著 伊藤真浩／翻訳 OramAndy／著 ほか",オライリー・ジャパン : オーム社,https://cover.openbd.jp/9784873114590.jpg,,1
9784873110790,不正アクセス調査ガイド : rootkitの検出とTCTの使い方,伊原秀明／著 渡辺勝弘／著,オライリー・ジャパン : オーム社,,,1
9784873113630,ビューティフルコード,"Bentley,JonLouis／著 Kernighan,BrianW.／著 Oram,Andrew／著 ほか",オライリー・ジャパン : オーム社,https://cover.openbd.jp/9784873113630.jpg,,1
9784873111513,Linuxサーバhacks : プロが使うテクニック&ツール100選,"Flickenger,Rob／著 イメージズアンドワーズ／翻訳 山口晴広／翻訳 菅野良二／著 ほか",オライリー・ジャパン : オーム社,https://cover.openbd.jp/9784873111513.jpg,,1
9784873113067,Linuxサーバhacks : コネクティング、モニタリング、トラブルシューティング,"Flickenger,Rob／著 Jones,BrianK／著 VonHagen,William／著 ほか",オライリー・ジャパン : オーム社,https://cover.openbd.jp/9784873113067.jpg,,1
9784873113357,Statistics hacks : 統計の基本と世界を測るテクニック,"Frey,Bruce／著 西沢直木／翻訳 鴨澤眞夫／翻訳 フレイブルース／著",オライリー・ジャパン : オーム社,https://cover.openbd.jp/9784873113357.jpg,,1
9784274065200,TCP/IPソケットプログラミング,"Calvert,KennethL／著 Donahoo,MichaelJ／著 小高知宏／翻訳 ほか",オーム社,https://cover.openbd.jp/9784274065200.jpg,,1
9784797336610,たのしいRuby : Rubyではじめる気軽なプログラミング,まつもとゆきひろ／監修 後藤裕蔵／著 高橋征義／著,ソフトバンククリエイティブ,https://cover.openbd.jp/9784797336610.jpg,,1
9784822284220,HTML 5 & API入門 : キャンバス、VideoからWeb Socketsまで-次世代Web標準の全容,あゆた／監修 白石俊平／著,日経BP社 : 日経BP出版センター,https://cover.openbd.jp/9784822284220.jpg,,1
9784894714946,インターネット技術のすべて : トップダウンアプローチによる実践ネットワーク技法,"Kurose,JamesF／著 Ross,KeithW／著 岡田博美／翻訳 秋月治／著 ほか",ピアソン・エデュケーション,https://cover.openbd.jp/9784894714946.jpg,,1
9784844362227,ウェブデザインのつくり方、インターフェイスデザインの考え方。 : 新しいウェブデザインの技法大全!,矢野りん／著,エムディエヌコーポレーション : インプレスコミュニケーションズ,https://cover.openbd.jp/9784844362227.jpg,,1
9784274068645,Gitによるバージョン管理,まえだこうへい／著 上川純一／著 岩松信洋／著 小川伸一郎／著,オーム社,https://cover.openbd.jp/9784274068645.jpg,,1
9784774144665,JavaScript本格入門 : モダンスタイルによる基礎からAjax・jQueryまで,山田祥寛／著,技術評論社,,,1
9784798123448,10日でおぼえるjQuery入門教室,山田祥寛／著,翔泳社,https://cover.openbd.jp/9784798123448.jpg,,1
9784339024616,メタヒューリスティクスとナチュラルコンピューティング = Metaheuristics and Natural Computing,古川正志／著 山本雅人／著 川上敬／著 木下正博／著 渡辺美知子／著 鈴木育男／著,コロナ社,https://cover.openbd.jp/9784339024616.jpg,,1
9784799310953,プライベートからビジネスまで60分でわかる!図説著作権,中川勝吾／著,ディスカヴァー・トゥエンティワン,https://cover.openbd.jp/9784799310953.jpg,,1
9784314010894,ガイドツアー複雑系の世界 : サンタフェ研究所講義ノートから,"Mitchell,Melanie／著 高橋洋／翻訳 ミッチェルメラニー／著",紀伊国屋書店,https://cover.openbd.jp/9784314010894.jpg,,1
9784254280036,数理工学事典,太田快人／著 永持仁／著 片山徹／監修 福島雅夫／著 茨木俊秀／監修 藤重悟／監修 ほか,朝倉書店,https://cover.openbd.jp/9784254280036.jpg,,1
9784873114866,Androidアプリケーション開発ガイド : HTML+CSS+JavaScriptによる開発手法,"Stark,Jonathan／著 増井俊之／翻訳 牧野聡／翻訳 スタークジョナサン／著",オライリー・ジャパン : オーム社,https://cover.openbd.jp/9784873114866.jpg,,1
9784798123448,10日でおぼえるjQuery入門教室,山田祥寛／著,翔泳社,https://cover.openbd.jp/9784798123448.jpg,,1
9784798020808,Ajaxによる業務アプリケーション開発,清野克行／著,秀和システム,https://cover.openbd.jp/9784798020808.jpg,,1
9784774144665,JavaScript本格入門 : モダンスタイルによる基礎からAjax・jQueryまで,山田祥寛／著,技術評論社,,,1
9784873113678,初めてのRuby,Yugui／著,オライリー・ジャパン : オーム社,https://cover.openbd.jp/9784873113678.jpg,,1
9784274068102,プログラミングRuby1.9,"Fowler,Chad／著 Hunt,Andrew／著 Thomas,David／著 ほか",オーム社,https://cover.openbd.jp/9784274068102.jpg,,1
9784862761200,なぜデザインが必要なのか : 世界を変えるイノベーションの最前線,"Lupton,Ellen／著 McCarty,Cara／著 McQuaid,Matilda／著 ほか",英治,https://cover.openbd.jp/9784862761200.jpg,,1
9784254280043,新版 数理計画入門,福島雅夫／著,朝倉書店,https://cover.openbd.jp/9784254280043.jpg,,1
9784774150024,Emacs実践入門 : 思考を直感的にコード化し、開発を加速する,大竹智也／著,技術評論社,https://cover.openbd.jp/9784774150024.jpg,,1
9784798126005,100人のプロが選んだソフトウェア開発の名著 : 君のために選んだ1冊,翔泳社／著 SEshop.com編集部／著 デブサミ運営事務局／著,翔泳社,https://cover.openbd.jp/9784798126005.jpg,,1
9784000113076,岩波講座計算科学 スーパーコンピュータ,中村宏／著 佐藤三久／著 宇川彰／著 小柳義夫／著 松岡聡／著,岩波書店,https://cover.openbd.jp/9784000113076.jpg,,1
9784798122977,ビジネスモデル・ジェネレーション ビジネスモデル設計書,アレックス・オスターワルダー／著 イヴ・ピニュール／著 小山龍介／翻訳 小山龍介／原著,翔泳社,,,1
9784274501388,超波及度で世界を変えたイノベーター : 電子・情報分野の開拓者8人,垂井康夫／著,オーム社,https://cover.openbd.jp/9784274501388.jpg,,1
9784873115351,プログラミングAndroid,ZigurdMednieks／著 LairdDornin／著 G.BlakeMeike／著 ほか,オライリー・ジャパン,,,1
9784140911877,ITが守る、ITを守る : 天災・人災と情報技術,坂井修一／著,NHK,https://cover.openbd.jp/9784140911877.jpg,,1
9784861007194,Design Rule Index : デザイン、新・25+100の法則,"Butler,Jill／著 Holden,Kritina／著 Lidwell,William／著 ほか",ビー・エヌ・エヌ新社,,,1
9784274068560,アジャイルサムライ : 達人開発者への道,"Rasmusson,Jonathan／著 西村直人／翻訳 角掛拓未／翻訳 角谷信太郎／翻訳 ほか",オーム社,https://cover.openbd.jp/9784274068560.jpg,,1
9784048689526,ポモドーロテクニック入門,"Nöteberg,Staffan／著 渋川あき／翻訳 渋川よしき／翻訳 澁川晶／著 ほか",アスキー・メディアワークス : 角川グループパブリッシング,https://cover.openbd.jp/9784048689526.jpg,,1
9784576082110,ストレスフリーの整理術 : はじめてのGTD,"Allen,David／著 田口元／翻訳",二見書房,,,1
9784274068478,Coders at Workプログラミングの技をめぐる探求,"Seibel,Peter／著 青木靖／翻訳 サイベルピーター／著",オーム社,https://cover.openbd.jp/9784274068478.jpg,,1
9784839941734,よくわかるiPhoneアプリ開発の教科書 : iOS 5 & Xcode 4.2対応版,森巧尚／著,マイナビ,https://cover.openbd.jp/9784839941734.jpg,,1
9784478490273,考える技術・書く技術 : 問題解決力を伸ばすピラミッド原則,"Minto,Barbara／著 グロービス／著 グロービス・マネジメント・インスティテュート／著 ほか",ダイヤモンド社,https://cover.openbd.jp/9784478490273.jpg,,1
9784798125305,ビッグデータビジネスの時代,鈴木良介／著,翔泳社,https://cover.openbd.jp/9784798125305.jpg,,1
9784627848412,Rによるテキストマイニング入門,石田基広／著,森北,https://cover.openbd.jp/9784627848412.jpg,,1
9784839932534,創るJava : NetBeansでつくって学ぶJava GUI & Webアプリケーション : Java SE 6/Servlet 3.0/JSP 2.2対応,きしだなおき／著,毎日コミュニケーションズ,https://cover.openbd.jp/9784839932534.jpg,,1
9784274068850,すごいHaskellたのしく学ぼう!,"Lipovača,Miran／著 村主崇行／翻訳 田中英行／翻訳 LipovacaMiran／著",オーム社,https://cover.openbd.jp/9784274068850.jpg,,1
9784774150475,実践FreeBSDサーバ構築・運用ガイド,佐々木宣文／著 佐藤広生／監修 後藤大地／著,技術評論社,https://cover.openbd.jp/9784774150475.jpg,,1
9784822234638,まつもとゆきひろコードの未来,まつもとゆきひろ／著 日経BP／著 日経Linux／著,日経BP社 : 日経BPマーケティング,https://cover.openbd.jp/9784822234638.jpg,,1
9784798124339,作ればわかる! Androidプログラミング : 10の実践サンプルで学ぶAndroidアプリ開発入門,金宏和實／著,翔泳社,https://cover.openbd.jp/9784798124339.jpg,,1
9784798033495,入門LDAP/OpenLDAPディレクトリサービス導入・運用ガイド,デージーネット／著,秀和システム,https://cover.openbd.jp/9784798033495.jpg,,1
9784627095618,やさしい確率・情報・データマイニング,月本洋／著 松本一教／著,森北,https://cover.openbd.jp/9784627095618.jpg,,1
9784627096011,Rによるデータサイエンス : データ解析の基礎から最新手法まで,金明哲／著,森北,https://cover.openbd.jp/9784627096011.jpg,,1
9784274068461,はじめての機械学習,小高知宏／著,オーム社,https://cover.openbd.jp/9784274068461.jpg,,1
9784757411463,理系英語のライティング,,アルク,,,1
9784757411654,ノーベル賞クラスの論文で学ぶ　理系英語最強リーディング術,,アルク,,,1
9784757411470,理系英語のプレゼンテーション,,アルク,,,1
9784320123106,アルゴリズムとデータ構造,西尾章治郎／監修 原隆浩／著 水田智史／著 大川剛直／著,共立出版,https://cover.openbd.jp/9784320123106.jpg,,1
9784873115498,PDF構造解説,"Whitington,John／著 村上雅章／翻訳 ウィティングトンジョン／著",オライリー・ジャパン : オーム社,https://cover.openbd.jp/9784873115498.jpg,,1
9784798114026,Linuxコマンドビギナーズブック,大津真／著,翔泳社,https://cover.openbd.jp/9784798114026.jpg,,1
9784798112831,Inside Linux Software : オープンソースソフトウェアのからくりとしくみ,佐藤竜一／著,翔泳社,https://cover.openbd.jp/9784798112831.jpg,,1
9784153200128,デザイン思考が世界を変える : イノベーションを導く新しい考え方,"Brown,Tim／著 千葉敏生／翻訳 ブラウンティム／著",早川書房,https://cover.openbd.jp/9784153200128.jpg,,1
9784576060736,ストレスフリーの仕事術 : 仕事と人生をコントロールする52の法則,"Allen,David／著 田口元／翻訳 アレンデビッド／著",二見書房,https://cover.openbd.jp/9784576060736.jpg,,1
9784774151847,Gitポケットリファレンス,岡本隆史／著 武田健太郎／著 相良幸範／著,技術評論社,https://cover.openbd.jp/9784774151847.jpg,,1
9784799311257,頭の回転数を上げる45の方法,久保憂希也／著 芝本秀徳／著,ディスカヴァー・トゥエンティワン,https://cover.openbd.jp/9784799311257.jpg,,1
9784873115658,リーダブルコード : より良いコードを書くためのシンプルで実践的なテクニック,"Boswell,Dustin／著 Foucher,Trevor／著 角征典／翻訳 フォシェトレバー／著 ほか",オライリー・ジャパン : オーム社,https://cover.openbd.jp/9784873115658.jpg,,1
9784844331742,Android UI Cookbook for 4.0 : ICS (Ice Cream Sandwich)アプリ開発術,あんざいゆき／著,インプレスジャパン : インプレスコミュニケーションズ,https://cover.openbd.jp/9784844331742.jpg,,1
9784274212444,数理最適化,久野誉人／著 後藤順哉／著 繁野麻衣子／著 情報処理学会／著,オーム社,https://cover.openbd.jp/9784274212444.jpg,,1
9784487806928,実物でたどるコンピュータの歴史,東京理科大学出版センター／編集 竹内伸／著,東京書籍,,,1
9784621085103,アルゴリズム設計マニュアル,"Skiena,StevenS／著 シュプリンガージャパン株式会社／著 平田富夫／翻訳 ほか",丸善,https://cover.openbd.jp/9784621085103.jpg,,1
9784621085110,アルゴリズム設計マニュアル,"Skiena,StevenS／著 シュプリンガージャパン株式会社／著 平田富夫／翻訳 ほか",丸善,https://cover.openbd.jp/9784621085110.jpg,,1
9784320122000,事例で学ぶ　テキストマイニング,上田太一郎／監修 村田真樹／著,共立出版,https://cover.openbd.jp/9784320122000.jpg,,1
9784320123113,"データマイニングと集合知 : 基礎からWeb,ソーシャルメディアまで",新美礼彦／著 横山昌平／著 白石陽／著 石川博／著,共立,https://cover.openbd.jp/9784320123113.jpg,,1
9784621061879,アルゴリズムとデータ構造 : 基礎のツールボックス,シュプリンガージャパン／著 浅野哲夫／翻訳,丸善出版,https://cover.openbd.jp/9784621061879.jpg,,1
9784627810211,アルゴリズムとデータ構造,藤原暁宏／著,森北,https://cover.openbd.jp/9784627810211.jpg,,1
9784048862196,ビッグデータ革命 : 無数のつぶやきと位置情報から生まれる日本型イノベーションの新潮流,野村総合研究所／著 野村総研／著,アスキー・メディアワークス : 角川グループパブリッシング,https://cover.openbd.jp/9784048862196.jpg,,1
9784492580967,ビッグデータの衝撃,城田真琴／著,東洋経済新報社,https://cover.openbd.jp/9784492580967.jpg,,1
9784797361001,数学ガール,結城浩／著,ソフトバンククリエイティブ,https://cover.openbd.jp/9784797361001.jpg,,1
9784320122963,情報推薦システム入門 : 理論と実践,"Felfernig,Alexander／著 Jannach,Dietmar／著 Zanker,Markus／著 ほか",共立,https://cover.openbd.jp/9784320122963.jpg,,1
9784791766611,Googleがほしがるスマート脳のつくり方 : ニューエコノミーを生き抜くために知っておきたい入社試験の回答のコツ,"Poundstone,William／著 桃井緑美子／翻訳 パウンドストーンウィリアム／著",青土社,https://cover.openbd.jp/9784791766611.jpg,,1
9784163755007,2050年の世界 英『エコノミスト』誌は予測する,英『エコノミスト』編集部／著 東江一紀／翻訳 峯村利哉／翻訳 船橋洋一／解説,文藝春秋,https://cover.openbd.jp/9784163755007.jpg,,1
9784501550905,群知能とデータマイニング,AjithAbraham／編 CrinaGrosan／編 VitorinoRamos／編 ほか,東京電機大学出版局,https://cover.openbd.jp/9784501550905.jpg,,1
9784764904064,アルゴリズムイントロダクション,"Cormen,ThomasH／著 Leiserson,CharlesEric／著 Rivest,RonaldL／著 ほか",近代科学社,https://cover.openbd.jp/9784764904064.jpg,,1
9784061547643,絵でわかるスーパーコンピュータ = An Illustrated Guide to High Performance Computing,姫野龍太郎／著,講談社,https://cover.openbd.jp/9784061547643.jpg,,1
9784774151816,スマートフォンサイト設計入門 : 使いやすく魅力的なサイトをデザインする 著,アイエムジェイマルチデバイスLab／著 アイ・エム・ジェイマルチデバイスLab.／著 ほか,技術評論社,https://cover.openbd.jp/9784774151816.jpg,,1
9784822262600,すべてわかる仮想化大全,日経コミュニケーション／著 日経コンピュータ／著 ITpro／著 日経SYSTEMS／著 ほか,日経BP社 : 日経BPマーケティング,,,1
9784320018785,なわばりの数理モデル,杉原厚吉／著,共立出版,https://cover.openbd.jp/9784320018785.jpg,,1
9784798035000,アリスとボブのGit入門レッスン,川野辺正博／著,秀和システム,https://cover.openbd.jp/9784798035000.jpg,,1
9784873115306,XBeeで作るワイヤレスセンサーネットワーク,"Faludi,Robert／著 小林茂／翻訳 水原文／翻訳 ファルディロバート／著",オライリー・ジャパン : オーム社,https://cover.openbd.jp/9784873115306.jpg,,1
9784797367171,最強最速アルゴリズマー養成講座 : プログラミングコンテストTopCoder攻略ガイド,高橋直大／著,ソフトバンククリエイティブ,https://cover.openbd.jp/9784797367171.jpg,,1
9784873115689,モバイルデザインパターン : ユーザーインターフェースのためのパターン集,"Neil,Theresa／著 深津貴之／翻訳 牧野聡／翻訳 ニールテレサ／著",オライリー・ジャパン : オーム社,https://cover.openbd.jp/9784873115689.jpg,,1
9784844329879,Android Layout Cookbook : アプリの価値を高める開発テクニック : SDK2.3(Gingerbread)対応,あんざいゆき／著,インプレスジャパン : インプレスコミュニケーションズ,https://cover.openbd.jp/9784844329879.jpg,,1
9784844332183,仮想化インフラを構築する技術,川添貴生／著 渡邉利和／著,インプレスジャパン : インプレスコミュニケーションズ,https://cover.openbd.jp/9784844332183.jpg,,1
9784798033006,はじめてのJSP&サーブレット : Eclipse 3.7 Indigo+Tomcat 7対応版,山田祥寛／監修 東浩二／著,秀和システム,https://cover.openbd.jp/9784798033006.jpg,,1
9784797336801,Perl言語プログラミングレッスン,結城浩／著,ソフトバンククリエイティブ,https://cover.openbd.jp/9784797336801.jpg,,1
9784062881333,つながる読書術,日垣隆／著,講談社,https://cover.openbd.jp/9784062881333.jpg,,1
9784274065972,ハッカーと画家 : コンピュータ時代の創造者たち,"Graham,Paul／著 川合史朗／翻訳 グレアムポール／著",オーム社,https://cover.openbd.jp/9784274065972.jpg,,1
9784822262655,SEよ大志を抱こう : 「ありがとう」と言われるSEになる : 経営者からの53のメッセージ,日経BP／著 日経コンピュータ／著 横塚裕志／著,日経BP社 : 日経BPマーケティング,https://cover.openbd.jp/9784822262655.jpg,,1
9784621049983,組合せ最適化アルゴリズムの最新手法 : 基礎から工学応用まで,白石洋一／翻訳 ヨゼフハビブ／著 サイトサディック・M.／著,丸善,,,1
9784774151434,"プロのためのLinuxシステム・10年効く技術 : シェルスクリプトを書き,ソースコードを読み,自在にシステムを作る",中井悦司／著,技術評論社,https://cover.openbd.jp/9784774151434.jpg,,1
9784774143194,LATEX 2ε美文書作成入門,奥村晴彦／著,技術評論社,https://cover.openbd.jp/9784774143194.jpg,,1
9784774152424,EPUB 3電子書籍制作の教科書,林拓也／著,技術評論社,https://cover.openbd.jp/9784774152424.jpg,,1
9784774153896,はじめてのHadoop : 分散データ処理の基本から実践まで,横井浩／著 田澤孝之／著 松井一比良／著,技術評論社,https://cover.openbd.jp/9784774153896.jpg,,1
9784873101668,パターン認識と機械学習の学習,光成滋生／著 竹迫良範／著,暗黒通信団,https://cover.openbd.jp/9784873101668.jpg,,1
9784873115948,入門　機械学習,DrewConway／著 JohnMylesWhite／著 萩原正人／著 水野貴明／翻訳 ほか,オライリー・ジャパン,,,1
9784774154657,クラウド時代のネットワーク技術OpenFlow実践入門,鈴木一哉／著 高宮安仁／著,技術評論社,https://cover.openbd.jp/9784774154657.jpg,,1
9784839942397,世界で闘うプログラミング力を鍛える150問 : トップIT企業のプログラマになるための本,"McDowell,GayleLaakmann／著 Ozy／翻訳 北川宜稔／翻訳 岩田陽一／翻訳 ほか",マイナビ,https://cover.openbd.jp/9784839942397.jpg,,1
9784873115559,FabLife : デジタルファブリケーションから生まれる「つくりかたの未来」,田中浩也／著,オライリー・ジャパン : オーム社,https://cover.openbd.jp/9784873115559.jpg,,1
9784804717784,物理学者が教える筋道たてて考える技術 = How to get a logical mind : いかに本質をつかみ、問題を解決するか?,志村史夫／著,大和,https://cover.openbd.jp/9784804717784.jpg,,1
9784797341379,数学ガール,結城浩／著,ソフトバンククリエイティブ,https://cover.openbd.jp/9784797341379.jpg,,1
9784797345261,数学ガール : フェルマーの最終定理,結城浩／著,ソフトバンククリエイティブ,https://cover.openbd.jp/9784797345261.jpg,,1
9784797367546,数学ガール = Mathematical Girls/Galois Theory : ガロア理論,結城浩／著,ソフトバンククリエイティブ,https://cover.openbd.jp/9784797367546.jpg,,1
9784797352962,数学ガール,結城浩／著,ソフトバンククリエイティブ,https://cover.openbd.jp/9784797352962.jpg,,1
9784048868815,ビッグデータがビジネスを変える,稲田修一／著,角川アスキー総合研究所,https://cover.openbd.jp/9784048868815.jpg,,1
9784774142043,Webを支える技術 : HTTP、URI、HTML、そしてREST,山本陽平／著,技術評論社,https://cover.openbd.jp/9784774142043.jpg,,1
9784774154077,Webサービスのつくり方 : 「新しい」を生み出すための33のエッセイ,和田裕介／著,技術評論社,https://cover.openbd.jp/9784774154077.jpg,,1
9784774149806,Ruby on Rails 3ポケットリファレンス,山田祥寛／著,技術評論社,https://cover.openbd.jp/9784774149806.jpg,,1
9784797371277,作りながら学ぶRuby入門,久保秋真／著,ソフトバンククリエイティブ,https://cover.openbd.jp/9784797371277.jpg,,1
9784900900660,Pthreadsプログラミング,"Buttlar,Dick／著 Farrell,JacqelineProulx／著 Nichols,Brad／著 ほか",オライリー・ジャパン : オーム社,,,1
9784873101668,パターン認識と機械学習の学習,光成滋生／著 竹迫良範／著,暗黒通信団,https://cover.openbd.jp/9784873101668.jpg,,1
9784839942397,世界で闘うプログラミング力を鍛える150問 : トップIT企業のプログラマになるための本,"McDowell,GayleLaakmann／著 Ozy／翻訳 北川宜稔／翻訳 岩田陽一／翻訳 ほか",マイナビ,https://cover.openbd.jp/9784839942397.jpg,,1
9784339007916,アドホック・メッシュネットワーク : ユビキタスネットワーク社会の実現に向けて,間瀬憲一／著 阪田史郎／著,コロナ社,https://cover.openbd.jp/9784339007916.jpg,,1
9784774146638,Ruby on Rails 3アプリケーションプログラミング,山田祥寛／著,技術評論社,https://cover.openbd.jp/9784774146638.jpg,,1
9784764904071,アルゴリズムイントロダクション : 世界標準MIT教科書,"Cormen,ThomasH／著 Leiserson,CharlesEric／著 Rivest,RonaldL／著 ほか",近代科学社,https://cover.openbd.jp/9784764904071.jpg,,1
9784478022214,統計学が最強の学問である : データ社会を生き抜くための武器と教養,西内啓／著,ダイヤモンド社,https://cover.openbd.jp/9784478022214.jpg,,1
9784822284657,オブジェクト指向でなぜつくるのか : 知っておきたいOOP、設計、関数型言語の基礎知識,平澤章／著,日経BP社 : 日経BPマーケティング,https://cover.openbd.jp/9784822284657.jpg,,1
9784797336610,たのしいRuby : Rubyではじめる気軽なプログラミング,まつもとゆきひろ／監修 後藤裕蔵／著 高橋征義／著,ソフトバンククリエイティブ,https://cover.openbd.jp/9784797336610.jpg,,1
9784844333753,Ruby on Rails環境構築ガイド : ソース管理から公開までを徹底解説 : 定番ツールを使いこなして今日から即戦力!,黒田努／著,インプレスジャパン : インプレスコミュニケーションズ,https://cover.openbd.jp/9784844333753.jpg,,1
9784863541245,ソーシャル時代のハイブリッド読書術,倉下忠憲／著,シーアンドアール研究所,https://cover.openbd.jp/9784863541245.jpg,,1
9784901683999,アルゴリズムとデータ構造,藤田聡／著,数理工学社,https://cover.openbd.jp/9784901683999.jpg,,1
9784062882033,ビッグデータの覇者たち,海部美知／著,講談社,https://cover.openbd.jp/9784062882033.jpg,,1
9784062578134,研究発表のためのスライドデザイン,宮野公樹／著,講談社,https://cover.openbd.jp/9784062578134.jpg,,1
9784621053829,これも数学だった！？,河原林健一／著 田井中麻都佳／著,丸善出版,,,1
9784822249472,データ・サイエンティストに学ぶ「分析力」,"Brown,PaulB／著 Brown,PaulBurton／著 Maex,Dimitri／著 ほか",日経BP社 : 日経BPマーケティング,https://cover.openbd.jp/9784822249472.jpg,,1
9784062183765,2030年　世界はこう変わる　アメリカ情報機関が分析した「17年後の未来」,米国国家情報会議／編集 谷町真珠／翻訳,講談社,https://cover.openbd.jp/9784062183765.jpg,,1
9784774154077,Webサービスのつくり方 : 「新しい」を生み出すための33のエッセイ,和田裕介／著,技術評論社,https://cover.openbd.jp/9784774154077.jpg,,1
9784774153407,工学部ヒラノ教授と4人の秘書たち,今野浩／著,技術評論社,https://cover.openbd.jp/9784774153407.jpg,,1
9784103147640,工学部ヒラノ教授のアメリカ武者修行,今野浩／著,新潮社,https://cover.openbd.jp/9784103147640.jpg,,1
9784121004482,詭弁論理学,野崎昭弘／著,中央公論社,https://cover.openbd.jp/9784121004482.jpg,,1
9784121005939,逆説論理学,野崎昭弘／著,中央公論社,https://cover.openbd.jp/9784121005939.jpg,,1
9784501622107,社会安全システム,中野潔／編著 安藤茂樹／著 井出明／著 小林正啓／著 瀬田史彦／著 高畑達／著 田口秀勝／著 ほか,東京電機大学出版局,https://cover.openbd.jp/9784501622107.jpg,,1
9784103147626,工学部ヒラノ教授,今野浩／著,新潮社,https://cover.openbd.jp/9784103147626.jpg,,1
9784103147633,工学部ヒラノ教授の事件ファイル,今野浩／著,新潮社,https://cover.openbd.jp/9784103147633.jpg,,1
9784791766918,工学部ヒラノ教授と七人の天才,今野浩／著,青土社,,,1
9784791766888,工学部ヒラノ助教授の敗戦 : 日本のソフトウェアはなぜ敗れたのか,今野浩／著,青土社,https://cover.openbd.jp/9784791766888.jpg,,1
9784791767106,驚きの数学 巡回セールスマン問題,ウィリアム・J・クック／著 松浦俊輔／翻訳,青土社,,,1
9784822285128,テストから見えてくるグーグルのソフトウェア開発 : テストファーストによるエンジニアリング生産性向上,"Arbon,Jason／著 Carollo,Jeff／著 Whittaker,JamesA.／著 ほか",日経BP社 : 日経BPマーケティング,https://cover.openbd.jp/9784822285128.jpg,,1
9784774142753,BIND9(ナイン)によるDNSサーバ構築 : ESSENTIAL SOFTWARE GUIDE BOOK,伊藤宏通／著 川原龍人／著 野津新／著,技術評論社,https://cover.openbd.jp/9784774142753.jpg,,1
9784774143750,Postfix実践入門 : ESSENTIAL SOFTWARE GUIDE BOOK,清水正人／著,技術評論社,https://cover.openbd.jp/9784774143750.jpg,,1
9784774158136,Linuxシステム〈実践〉入門,沓名亮典／著,技術評論社,https://cover.openbd.jp/9784774158136.jpg,,1
9784562049301,サイバーセキュリティ読本,一田和樹／著,原書房,https://cover.openbd.jp/9784562049301.jpg,,1
9784797374148,数学ガールの秘密ノート,結城浩／著,ソフトバンククリエイティブ,https://cover.openbd.jp/9784797374148.jpg,,1
9784163764702,世界の技術を支配する ベル研究所の興亡,ジョン・ガートナー／著 土方奈美／翻訳,文藝春秋,https://cover.openbd.jp/9784163764702.jpg,,1
9784904807040,シェルスクリプトシンプルレシピ54,松浦智之／著,ユニバーサル・シェル・プログラミング研究所,https://cover.openbd.jp/9784904807040.jpg,,1
9784774122229,なぜ、あなたはJavaでオブジェクト指向開発ができないのか : Javaの壁を克服する実践トレーニング,エスエムジー株式会社／著 小森裕介／著,技術評論社,https://cover.openbd.jp/9784774122229.jpg,,1
9784774146430,シェルスクリプト基本リファレンス : #!/bin/shで、ここまでできる,山森丈範／著,技術評論社,https://cover.openbd.jp/9784774146430.jpg,,1
9784774142753,BIND9(ナイン)によるDNSサーバ構築 : ESSENTIAL SOFTWARE GUIDE BOOK,伊藤宏通／著 川原龍人／著 野津新／著,技術評論社,https://cover.openbd.jp/9784774142753.jpg,,1
9784873113906,DNS & BIND : help for system administrators,"Albitz,Paul／著 Liu,Cricket／著 小柏伸夫／翻訳 アルビッツポール／著 ほか",オライリー・ジャパン : オーム社,https://cover.openbd.jp/9784873113906.jpg,,1
9784839941260,OpenCV (シーヴィ) 2プログラミングブック : OpenCV 2.2/2.3対応,OpenCVプログラミングブック制作チーム／著 OpenCV2プログラミングブック制作チーム／著,マイナビ,https://cover.openbd.jp/9784839941260.jpg,,1
9784873114132,詳解OpenCV : コンピュータビジョンライブラリを使った画像処理・認識,"Bradski,Gary／著 Kaehler,Adrian／著 松田晃一／翻訳 カーラーエイドリアン／著 ほか",オライリー・ジャパン : オーム社,https://cover.openbd.jp/9784873114132.jpg,,1
9784274502484,統計的機械学習,杉山将／著,オーム社,https://cover.openbd.jp/9784274502484.jpg,,1
9784274502484,統計的機械学習,杉山将／著,オーム社,https://cover.openbd.jp/9784274502484.jpg,,1
9784621061244,パターン認識と機械学習 : ベイズ理論による統計的予測,"Bishop,ChristopherM／著 元田浩／著 村田昇／著 松本裕治／著 栗田多喜夫／著 ほか",丸善出版,https://cover.openbd.jp/9784621061244.jpg,,1
9784621061220,パターン認識と機械学習 : ベイズ理論による統計的予測,"Bishop,ChristopherM／著 元田浩／著 村田昇／著 松本裕治／著 栗田多喜夫／著 ほか",丸善出版,https://cover.openbd.jp/9784621061220.jpg,,1
9784478017210,伝え方が9割,佐々木圭一／著,ダイヤモンド社,https://cover.openbd.jp/9784478017210.jpg,,1
9784478011317,雑談力が上がる話し方 : 30秒でうちとける会話のルール,齋藤孝／著,ダイヤモンド社,https://cover.openbd.jp/9784478011317.jpg,,1
9784774146751,"プロのためのLinuxシステム・ネットワーク管理技術 : ネットワーク・インフラ構築,セキュリティ管理,仮想化技術の極意がわかる : セキュリティ管理,iptables,OpenLDAP,Kerberos,KVM仮想化環境,プロとしてのLinuxネットワーク管理技術 : Red Hat Enterprise Linux対応",中井悦司／著,技術評論社,https://cover.openbd.jp/9784774146751.jpg,,1
9784774145013,"プロのためのLinuxシステム構築・運用技術 : システム構築運用/ネットワーク・ストレージ管理の秘訣がわかる : SAN,iSCSI,VLAN,L2/L3スイッチ,プロセス/メモリ/ファイルシステム管理,問題判別,プロとしてのLinux技術 : Red Hat Enterprise Linux対応",中井悦司／著,技術評論社,https://cover.openbd.jp/9784774145013.jpg,,1
9784893088024,東大物理学者が教える「考える力」の鍛え方 : 想定外の時代を生き抜くためのヒント,上田正仁／著,ブックマン社,https://cover.openbd.jp/9784893088024.jpg,,1
9784048702270,ハイパフォーマンスHTTPサーバNginx入門,"Nedelcu,Clément／著 長尾高弘／翻訳 NedelcuCl'ement／著 ほか",アスキー・メディアワークス : 角川グループパブリッシング,,,1
9784798121505,Seasar2(ツー)徹底入門 : SAStruts/S2JDBC対応,竹添直樹／著,翔泳社,https://cover.openbd.jp/9784798121505.jpg,,1
9784774150673,HTML5開発ポケットリファレンス,山田祥寛／監修 片渕彼富／著,技術評論社,https://cover.openbd.jp/9784774150673.jpg,,1
9784800214850,最強のスキル「統計学」必須のツール「ビッグデータ」,,宝島社,https://cover.openbd.jp/9784800214850.jpg,,1
9784774158969,データサイエンティスト養成読本,データサイエンティスト養成読本編集部／著,技術評論社,https://cover.openbd.jp/9784774158969.jpg,,1
9784774159737,はじめての3Dプリンタ : 3Dデータ作成/出力まるごと体験ガイド,平本知樹／著 水野操／著 神田沙織／著 野村毅／著,技術評論社,https://cover.openbd.jp/9784774159737.jpg,,1
9784274068768,マスタリングTCP/IP,村山公保／著 竹下降史／著 竹下隆史／著 苅田幸雄／著 荒井透／著,オーム社,https://cover.openbd.jp/9784274068768.jpg,,1
9784822284763,コンピュータネットワーク,"Tanenbaum,AndrewS／著 Weatherall,D.J／著 Wetherall,David／著 ほか",日経BP社 : 日経BPマーケティング,https://cover.openbd.jp/9784822284763.jpg,,1
9784048916592,実践Vim,新丈径／翻訳 NeilDrew／著 ネイルドリュー／著 新丈径訳／著 DrewNeil著／著,アスキー・メディアワークス : KADOKAWA,https://cover.openbd.jp/9784048916592.jpg,,1
9784873116341,入門データ構造とアルゴリズム,"Karumanchi,Narasimha／著 木下哲也／著 黒川利明／著 カルマンチナラシンハ／著",オライリー・ジャパン : オーム社,https://cover.openbd.jp/9784873116341.jpg,,1
9784274214424,将来ネットワーク技術 = Futures of Network : 次世代から新世代へ,浅見徹／監修 電子情報通信学会／著 電子通信学会／著,オーム社,https://cover.openbd.jp/9784274214424.jpg,,1
9784791767267,工学部ヒラノ名誉教授の告白,今野浩／著,青土社,,,1
9784774158297,21世紀の新しい数学,小島寛之／著 黒川信重／著,技術評論社,https://cover.openbd.jp/9784774158297.jpg,,1
9784489020452,データマイニング入門 : Rで学ぶ最新データ解析,豊田秀樹／著,東京図書,https://cover.openbd.jp/9784489020452.jpg,,1
9784774159379,「独習Linux専科」サーバ構築/運用/管理,中井悦司／著 中井悦司著／著,技術評論社,https://cover.openbd.jp/9784774159379.jpg,,1
9784798039169,OpenNI 3Dセンサープログラミング,中村薫／著 新里祐教／著 鷲尾友人／著,秀和システム,https://cover.openbd.jp/9784798039169.jpg,,1
9784774156118,JavaScriptライブラリ実践活用厳選111,Wingsプロジェクト／著 WINGSプロジェクト／著,技術評論社,https://cover.openbd.jp/9784774156118.jpg,,1
9784320123212,コンピュータ将棋の進歩 = Advances in Computer Shogi,松原仁／著,共立,https://cover.openbd.jp/9784320123212.jpg,,1
9784040800028,HTML5で描く未来 : 「クラウド2.0」が社会を変える,西村卓也／著,KADOKAWA,https://cover.openbd.jp/9784040800028.jpg,,1
9784774153261,人間に勝つコンピュータ将棋の作り方,コンピュータ将棋協会／監修 伊藤毅志／著 保木邦仁／著 小谷善行／著 松原仁／著 瀧澤武信／著 ほか,技術評論社,https://cover.openbd.jp/9784774153261.jpg,,1
9784040800042,アルゴリズムが世界を支配する,クリストファー・スタイナー／著 永峯涼／翻訳,株式会社 ＫＡＤＯＫＡＷＡ,,,1
9784562049233,図説世界史を変えた50の機械,エリック･シャリーン／著 柴田譲治／翻訳,原書房,https://cover.openbd.jp/9784562049233.jpg,,1
9784873116150,RとRubyによるデータ解析入門,SauSheongChang／著 瀬戸山雅人／翻訳 河内崇／翻訳 高野雅典／翻訳 橋本吉治／翻訳,オライリー・ジャパン,,,1
9784885520181,学術論文の書き方・発表の仕方,電子情報通信学会／著,電子情報通信学会,,,1
9784822210939,すべてわかるSDN大全,日経NETWORK／編集 日経コミュニケーション／編集 日経コンピュータ／編集,日経BP社 : 日経BPマーケティング,https://cover.openbd.jp/9784822210939.jpg,,1
9784822230425,データサイエンティスト完全ガイド = Data Scientist Perfect Guide : 今、最も注目を浴びるセクシーな職業,日経情報ストラテジー／著,日経BP社 : 日経BPマーケティング,https://cover.openbd.jp/9784822230425.jpg,,1
9784774156163,開発ツール徹底攻略 : Git|GitHub|Jenkins|Vim|Emacs|Linuxの基礎知識,WEB+DBPRESS編集部／著,技術評論社,https://cover.openbd.jp/9784774156163.jpg,,1
9784335051029,21世紀への階段 : 40年後の日本の科学技術,科学技術庁／監修 科技庁／著,弘文堂,https://cover.openbd.jp/9784335051029.jpg,,1
9784335051036,21世紀への階段 : 40年後の日本の科学技術,科学技術庁／監修 科技庁／著,弘文堂,https://cover.openbd.jp/9784335051036.jpg,,1
9784798127927,LPICレベル1,中島能和／著 濱野賢一朗／著,翔泳社,https://cover.openbd.jp/9784798127927.jpg,,1
9784102184615,四色問題,ロビン・ウィルソン／著 茂木健一郎／翻訳,新潮社,https://cover.openbd.jp/9784102184615.jpg,,1
9784797375190,数学を変えた14の偉大な問題,イアン・スチュアート／著 水谷淳／翻訳,SBクリエイティブ,https://cover.openbd.jp/9784797375190.jpg,,1
9784822269890,パーソナルコンピューティングの30年 : 日経パソコン1983-2013,日経BP／著 松浦晋也／著 日経パソコン編集／著,日経BP社 : 日経BPマーケティング,,,1
9784822269890,パーソナルコンピューティングの30年 : 日経パソコン1983-2013,日経BP／著 松浦晋也／著 日経パソコン編集／著,日経BP社 : 日経BPマーケティング,,,1
9784130639019,チューリングと超パズル,田中一之／著,東京大学出版会,https://cover.openbd.jp/9784130639019.jpg,,1
9784899773931,BeagleBone Blackで遊ぼう! : Raspberry Piより高機能で高性能,米田聡／著,ラトルズ,https://cover.openbd.jp/9784899773931.jpg,,1
9784873116372,Raspberry Piをはじめよう,"Richardson,Matt／著 Shawn,Wallace／著 Wallace,ShawnP／著 ほか",オライリー・ジャパン : オーム社,https://cover.openbd.jp/9784873116372.jpg,,1
9784822220761,3Dプリンター完全マスター = THE PERFECT GUIDE TO 3D PRINTERS,日経BP／著 日経トレンディ編集部／著,日経BP社 : 日経BPマーケティング,https://cover.openbd.jp/9784822220761.jpg,,1
9784873115375,Arduinoをはじめよう,"Banzi,Massimo／著 船田巧／翻訳 バンジマッシモ／著",オライリー・ジャパン : オーム社,https://cover.openbd.jp/9784873115375.jpg,,1
9784048662048,すぐわかるLibreOffice : 無料で使えるワープロ、表計算、プレゼンソフト,富士ソフト／著 富士ソフトABC／著 富士ソフトエービーシ／著,KADOKAWA,https://cover.openbd.jp/9784048662048.jpg,,1
9784905349174,パーソナル・インパクト,"Newman,Martin／著 小西あおい／著 ニューマンマーティン／著",ソル・メディア,https://cover.openbd.jp/9784905349174.jpg,,1
9784774163666,GitHub実践入門,大塚弘記／著,技術評論社,https://cover.openbd.jp/9784774163666.jpg,,1
9784774162386,VMwareの基本,中島淳之介／著 小原光弥／著 豊原啓治／著,技術評論社,https://cover.openbd.jp/9784774162386.jpg,,1
9784774157832,WEB+DB PRESS,,技術評論社,https://cover.openbd.jp/9784774157832.jpg,,1
9784774163673,Webアプリエンジニア養成読本,すがわらまさのり／著 和田裕介／著 石田絢一／著 斎藤祐一郎／著,技術評論社,https://cover.openbd.jp/9784774163673.jpg,,1
9784774156156,ITシステム開発徹底攻略 : 要件定義|システム設計|プロジェクトマネジメント|業務システム|ドキュメント,WEB+DBPRESS編集部／著,技術評論社,https://cover.openbd.jp/9784774156156.jpg,,1
9784873115795,アート・オブ・Rプログラミング,"Matloff,NormanS／著 大橋真也／翻訳 木下哲也／翻訳 MatloffNorman／著 ほか",オライリー・ジャパン : オーム社,https://cover.openbd.jp/9784873115795.jpg,,1
9784873115337,"Rクックブック : Proven Recipes for Data Analysis, Statistics, and Graphics","Teetor,Paul／著 大橋真也／翻訳 木下哲也／翻訳 ティーターポール／著",オライリー・ジャパン : オーム社,https://cover.openbd.jp/9784873115337.jpg,,1
9784022511478,リーダーのための伝える力,酒巻久／著,朝日新聞,https://cover.openbd.jp/9784022511478.jpg,,1
9784061566002,今度こそわかるP　≠　NP予想,渡辺治／著,講談社,https://cover.openbd.jp/9784061566002.jpg,,1
9784000058841,ヒラノ教授の線形計画法物語,今野浩／著,岩波書店,https://cover.openbd.jp/9784000058841.jpg,,1
9784048913928,はじめてUNIXで仕事をする人が読む本,創夢／監修 木本雅彦／著 松山直道／著 稲島大輔／著,KADOKAWA,https://cover.openbd.jp/9784048913928.jpg,,1
9784822277086,Redmine超入門 : ITの現場全員が使い助け合う最強の無料プロマネツール,内藤淳／著 大和田裕／著 小川明彦／著 日経SYSTEMS／著 楠川智久／著 阪井誠／著 ほか,日経BP社 : 日経BPマーケティング,https://cover.openbd.jp/9784822277086.jpg,,1
9784627852112,フリーソフトではじめる機械学習入門,荒木雅弘／著,森北,https://cover.openbd.jp/9784627852112.jpg,,1
9784798040707,iOS位置情報プログラミング,橋本佳幸／著,秀和システム,https://cover.openbd.jp/9784798040707.jpg,,1
9784873116693,アルゴリズムパズル,AnanyLevitin／著 MariaLevitin／著 黒川洋／翻訳 松崎公紀／翻訳,オライリー・ジャパン,,,1
9784627852013,ns3によるネットワークシミュレーション,銭飛／著,森北,https://cover.openbd.jp/9784627852013.jpg,,1
9784274069093,ディジタル作法 : カーニハン先生の「情報」教室,"Kernighan,BrianW.／著 久野靖／翻訳 カーニハンブライアン／著",オーム社,https://cover.openbd.jp/9784274069093.jpg,,1
9784797373257,数学ガールの誕生,結城浩／著,ソフトバンク クリエイティブ,https://cover.openbd.jp/9784797373257.jpg,,1
9784797374155,数学ガールの秘密ノート／整数で遊ぼう,結城浩／著,SBクリエイティブ,https://cover.openbd.jp/9784797374155.jpg,,1
9784797375688,数学ガールの秘密ノート／丸い三角関数,結城浩／著,SBクリエイティブ,https://cover.openbd.jp/9784797375688.jpg,,1
9784863541467,開発効率をUPするGit逆引き入門,平木聡／著 松下雅和／著 船ケ山慶／著 三上丈晴／著 土橋林太郎／著,シーアンドアール研究所,https://cover.openbd.jp/9784863541467.jpg,,1
9784627852013,ns3によるネットワークシミュレーション,銭飛／著,森北,https://cover.openbd.jp/9784627852013.jpg,,1
9784320123625,統計的学習の基礎,TrevorHastie／著 RobertTibshirani／著 JeromeFriedman／著 ほか,共立出版,https://cover.openbd.jp/9784320123625.jpg,,1
9784798109336,UNIXの絵本 : UNIXが楽しくわかる9つの扉,アンク／著,翔泳社,https://cover.openbd.jp/9784798109336.jpg,,1
9784798104522,アルゴリズムの絵本 : プログラミングが好きになる9つの扉,アンク／著,翔泳社,https://cover.openbd.jp/9784798104522.jpg,,1
9784774165233,プログラムは技術だけでは動かない,小俣光之／著,技術評論社,https://cover.openbd.jp/9784774165233.jpg,,1
9784274064067,UNIXという考え方 : その設計思想と哲学,"Gancarz,Mike／著 芳尾桂／翻訳",オーム社,,,1
9784140816400,震災ビッグデータ,日本放送協会／著 阿部博史／著 NHKスペシャル「震災ビッグデータ」制作班／著,NHK,https://cover.openbd.jp/9784140816400.jpg,,1
9784901683494,データ構造とアルゴリズム,五十嵐健夫／著,数理工学社 : サイエンス社,https://cover.openbd.jp/9784901683494.jpg,,1
9784754100810,句読点活用辞典,大類雅敏／著,栄光出版社,https://cover.openbd.jp/9784754100810.jpg,,1
9784791768172,工学部ヒラノ教授の青春,今野浩／著,青土社,,,1
9784774165752,15時間でわかるGit集中講座,岡本隆史／著 大山智之／著 織田翔／著,技術評論社,https://cover.openbd.jp/9784774165752.jpg,,1
9784774166131,伝わるデザインの基本,片山なつ／著 高橋佑磨／著,技術評論社,https://cover.openbd.jp/9784774166131.jpg,,1
9784627852013,ns3によるネットワークシミュレーション,銭飛／著,森北,https://cover.openbd.jp/9784627852013.jpg,,1
9784791768103,生命を進化させる究極のアルゴリズム,レスリー・ヴァリアント／著 松浦俊輔／翻訳,青土社,,,1
9784798041865,はじめてのCentOS 7,デージーネット／著,秀和システム,https://cover.openbd.jp/9784798041865.jpg,,1
9784877833329,インテルXeon Phiコプロセッサー ハイパフォーマンス・プログラミング,"Jeffers,Jim／著 Reinders,James／著 エクセルソフト株式会社／翻訳 ほか",カットシステム,https://cover.openbd.jp/9784877833329.jpg,,1
9784822262914,すべてわかるビッグデータ大全,,日経BP社 : 日経BPマーケティング,https://cover.openbd.jp/9784822262914.jpg,,1
9784822268916,すべてわかる仮想化大全,日経コンピュータ／編集 日経Linux／編集 日経NETWORK／編集,日経ＢＰ,https://cover.openbd.jp/9784822268916.jpg,,1
9784569777863,粘菌 : その驚くべき知性,中垣俊之／著,PHP研究所,https://cover.openbd.jp/9784569777863.jpg,,1
9784166609840,粘菌 偉大なる単細胞が人類を救う,中垣俊之／著,文藝春秋,https://cover.openbd.jp/9784166609840.jpg,,1
9784822268893,すべてわかるIoT大全,日経ものづくり編集部／著 日経エレクトロニクス／著 日経コミュニケーション／著 日経コンピュータ／著 ほか,日経BP社 : 日経BPマーケティング,https://cover.openbd.jp/9784822268893.jpg,,1
9784140811672,ポスト・ヒューマン誕生 : コンピュータが人類の知性を超えるとき,"Kurzweil,Ray／著 井上健／翻訳 小野木明恵／翻訳 福田実／翻訳 野中香方子／翻訳 ほか",日本放送出版協会,https://cover.openbd.jp/9784140811672.jpg,,1
9784774167688,サーバ/インフラ徹底攻略 メンテナンス,WEB+DBPRESS編集部／著,技術評論社,https://cover.openbd.jp/9784774167688.jpg,,1
9784774169132,統計・防災・環境情報がひと目でわかる地図の作り方,大友翔一／著 朝日孝輔／著 水谷貴行／著 山手規裕／著,技術評論社,https://cover.openbd.jp/9784774169132.jpg,,1
9784774167305,クラウドを支える技術,"Ando,Hisa／著 Barroso,LuizAndré／著 Clidaras,Jimmy／著 ほか",技術評論社,https://cover.openbd.jp/9784774167305.jpg,,1
9784822268954,ウエアラブルマガジン 2015春,日経コンピュータ／編集 日経Linux／編集 日経SYSTEMS／編集 日経ソフトウエア／編集 ほか,日経ＢＰ,https://cover.openbd.jp/9784822268954.jpg,,1
9784048690133,CSS3 & jQueryで作るスマートフォンサイトUI図鑑,まぼろし／著 久保知己／著 礒田優／著 近藤直人／著 宮田優希／著 早川稔／著,KADOKAWA,https://cover.openbd.jp/9784048690133.jpg,,1
9784822278298,ビジネスPowerPoint実践術,日経BP社／著,日経BP社 : 日経BPマーケティング,https://cover.openbd.jp/9784822278298.jpg,,1
9784822279073,データプレゼンテーションの教科書,日経ビッグデータ／編集,日経ＢＰ,https://cover.openbd.jp/9784822279073.jpg,,1
9784767819068,IllustratorとPhotoshopとInDesignをまるごと使えるようになりたいという欲ばりな人のための本,I&D／著,エクスナレッジ,https://cover.openbd.jp/9784767819068.jpg,,1
9784774171791,図解コレ1枚でわかる最新ITトレンド,大越章司／著 斎藤昌義／著 渋屋隆一／著,技術評論社,https://cover.openbd.jp/9784774171791.jpg,,1
9784046009319,東大准教授に教わる「人工知能って、そんなことまでできるんですか？」,松尾豊／著 塩野誠／著,株式会社 ＫＡＤＯＫＡＷＡ,,,1
9784163902371,進化の謎を数学で解く,アンドレアス・ワグナー／著 垂水雄二／翻訳,文藝春秋,https://cover.openbd.jp/9784163902371.jpg,,1
9784040800202,人工知能は人間を超えるか ディープラーニングの先にあるもの,松尾豊／著,ＫＡＤＯＫＡＷＡ,https://cover.openbd.jp/9784040800202.jpg,,1
9784140884409,生物に学ぶイノベーション,赤池学／著,NHK,https://cover.openbd.jp/9784140884409.jpg,,1
9784873116983,実践機械学習システム,"Coelho,LuisPedro／著 Richert,Willi／著 斎藤康毅／翻訳 ほか",オライリー・ジャパン : オーム社,https://cover.openbd.jp/9784873116983.jpg,,1
9784798042992,たった2日でわかるLinuxサーバー,中島能和／著,秀和システム,https://cover.openbd.jp/9784798042992.jpg,,1
9784061531536,できる研究者の論文生産術　どうすれば「たくさん」書けるのか,ポール．Ｊ・シルヴィア／著 高橋さきの／翻訳,講談社,https://cover.openbd.jp/9784061531536.jpg,,1
9784774171289,ビジネスPowerPoint実践入門,藤木俊明／著,技術評論社,https://cover.openbd.jp/9784774171289.jpg,,1
9784774171142,事例から学ぶ情報セキュリティ,中村行宏／著 横田翔／著,技術評論社,https://cover.openbd.jp/9784774171142.jpg,,1
9784774163772,Linuxエンジニア養成読本,,技術評論社,https://cover.openbd.jp/9784774163772.jpg,,1
9784764904774,モデリング 広い視野を求めて,室田一雄／編集 池上敦子／編集 土谷隆／編集 赤池弘次／著 伊理正夫／著 茨木俊秀／著 ほか,近代科学社,https://cover.openbd.jp/9784764904774.jpg,,1
9784822279752,The Next Technology　脳に迫る人工知能 最前線,,日経ＢＰ,https://cover.openbd.jp/9784822279752.jpg,,1
9784822278335,仕事に効く!デジタル整理術,,日経BP社 : 日経BPマーケティング,https://cover.openbd.jp/9784822278335.jpg,,1
9784791768103,生命を進化させる究極のアルゴリズム,レスリー・ヴァリアント／著 松浦俊輔／翻訳,青土社,,,1
9784765533430,量子アルゴリズム,中山茂／著,技報堂,https://cover.openbd.jp/9784765533430.jpg,,1
9784764904491,はじめてのアルゴリズム,上原隆平／著,近代科学社,https://cover.openbd.jp/9784764904491.jpg,,1
9784254122039,アルゴリズム理論入門,岩間一雄／著,朝倉書店,https://cover.openbd.jp/9784254122039.jpg,,1
9784320005952,これから論文を書く若者のために 究極の大改訂版,酒井聡樹／著,共立出版,https://cover.openbd.jp/9784320005952.jpg,,1
9784274050657,Rubyのしくみ,"Shaughnessy,Pat／著 オーム社／著 島田浩二／翻訳 角谷信太郎／翻訳 ほか",オーム社,https://cover.openbd.jp/9784274050657.jpg,,1
9784774165349,Ruby徹底攻略 自動化,WEB+DBPRESS編集部／著,技術評論社,https://cover.openbd.jp/9784774165349.jpg,,1
9784062189590,THINK　LIKE　ZUCK　マーク・ザッカーバーグの思考法,エカテリーナ・ウォルター／著 斎藤栄一郎／翻訳,講談社,https://cover.openbd.jp/9784062189590.jpg,,1
9784492581063,ＩＴロードマップ２０１５年版,野村総合研究所基盤ソリューション企画部／著,東洋経済新報社,https://cover.openbd.jp/9784492581063.jpg,,1
9784791768677,工学部ヒラノ教授と昭和のスーパー・エンジニア,今野浩／著,青土社,,,1
9784061565449,今日から使える！組合せ最適化　離散問題ガイドブック,穴井宏和／著 斉藤努／著,講談社,https://cover.openbd.jp/9784061565449.jpg,,1
9784822277376,Amazon Web Services クラウドデザインパターン 設計ガイド 改訂版,玉川憲／著 片山暁雄／著 鈴木宏康／著 日経SYSTEMS／編集,日経ＢＰ,https://cover.openbd.jp/9784822277376.jpg,,1
9784798030142,苦しんで覚えるC言語,MMGames／著,秀和システム,https://cover.openbd.jp/9784798030142.jpg,,1
9784774164106,Ruby on Rails 4アプリケーションプログラミング,山田祥寛／著,技術評論社,https://cover.openbd.jp/9784774164106.jpg,,1
9784844335924,実践Ruby on Rails 4,黒田努／著,インプレスジャパン : インプレスコミュニケーションズ,https://cover.openbd.jp/9784844335924.jpg,,1
9784883379644,HTML5&CSS3デザインブック,エビスコムテックラボ／著 エビスコム／著,ソシム,https://cover.openbd.jp/9784883379644.jpg,,1
9784048863230,レスポンシブWebデザイン,菊池崇／著,アスキー・メディアワークス : KADOKAWA,https://cover.openbd.jp/9784048863230.jpg,,1
9784774164243,サーバ/インフラエンジニア養成読本,養成読本編集部／著,技術評論社,https://cover.openbd.jp/9784774164243.jpg,,1
9784774164250,サーバ/インフラエンジニア養成読本,養成読本編集部／著,技術評論社,https://cover.openbd.jp/9784774164250.jpg,,1
9784774169835,サーバ/インフラエンジニア養成読本,技術評論社／著 SoftwareDesign編集部／著 福田和宏／著 養成読本編集部／著,技術評論社,https://cover.openbd.jp/9784774169835.jpg,,1
9784774164229,サーバ/インフラエンジニア養成読本,養成読本編集部／著,技術評論社,https://cover.openbd.jp/9784774164229.jpg,,1
9784774173450,サーバ/インフラエンジニア養成読本,中村文則／著 木本裕紀／著 福田和宏／著 竹本浩／著 前田章／著 新原雅司／著 馬場俊彰／著 ほか,技術評論社,https://cover.openbd.jp/9784774173450.jpg,,1
9784061529021,深層学習,岡谷貴之／著,講談社,https://cover.openbd.jp/9784061529021.jpg,,1
9784048662024,高速スケーラブル検索エンジンElasticSearch Server,"Kuć,Rafał／著 Rogoziński,Marek／著 リクルートテクノロジーズ／監修 ほか",KADOKAWA,https://cover.openbd.jp/9784048662024.jpg,,1
9784774165431,Zabbix統合監視実践入門,寺島広大／著,技術評論社,https://cover.openbd.jp/9784774165431.jpg,,1
9784774162881,Zabbix統合監視徹底活用 : 複雑化・大規模化するインフラの一元管理,池田大輔／著,技術評論社,https://cover.openbd.jp/9784774162881.jpg,,1
9784822224998,UbuntuとCentOSでイチから学ぶ Linuxサーバー完全入門,日経Linux／編集,日経ＢＰ,https://cover.openbd.jp/9784822224998.jpg,,1
9784907439811,すばらしい論文を書くための秘訣,日本動物学会近畿支部／著,Book Way,https://cover.openbd.jp/9784907439811.jpg,,1
9784886862891,電気電子系学生のための英語処方 = English Manners for Electrical and Electronics Engineering Students : 論文執筆から口頭発表のテクニックまで,"Chisholm,WilliamAlexander／著 馬場吉弘／著 ChisholmWilliamA.／著",電気学会 : オーム社,https://cover.openbd.jp/9784886862891.jpg,,1
9784798142456,プログラマ脳を鍛える数学パズル シンプルで高速なコードが書けるようになる70問,増井敏克／著,翔泳社,https://cover.openbd.jp/9784798142456.jpg,,1
9784774175829,飛ぶ!撮る!ドローンの購入と操縦,高橋亨／監修,技術評論社,https://cover.openbd.jp/9784774175829.jpg,,1
9784774176314,データサイエンティスト養成読本 機械学習入門編 : ビッグデータ時代のビジネスを支える最新知識が満載!,得居誠也／著 戸嶋龍哉／著 里洋平／著 馬場雪乃／著 比戸将平／著,技術評論社,https://cover.openbd.jp/9784774176314.jpg,,1
9784774170572,データサイエンティスト養成読本,養成読本編集部／著,技術評論社,https://cover.openbd.jp/9784774170572.jpg,,1
9784774175386,WEB+DB PRESS,WEB+DBPRESS編集部／著,技術評論社,https://cover.openbd.jp/9784774175386.jpg,,1
9784822237080,VMwareハイブリッドクラウド徹底活用ガイド～vCloud Airで構築するこれからのITインフラ～,ヴイエムウェア株式会社／監修 日経イノベーションICT研究所／編集,日経ＢＰ,,,1
9784764904873,深層学習 Deep Learning,人工知能学会／監修 神嶌敏弘／編集 麻生英樹／著 安田宗樹／著 前田新一／著 岡野原大輔／著 ほか,近代科学社,https://cover.openbd.jp/9784764904873.jpg,,1
9784339028027,情報ネットワーク科学シリーズ,井上武／著 巳波弘佳／著 電子情報通信学会／監修 電子通信学会／著,コロナ社,https://cover.openbd.jp/9784339028027.jpg,,1
9784339077995,マスターしておきたい技術英語の基本,"Cowell,Richard／著 佘錦華／著 〓錦華／著 カウェルリチャード／著",コロナ社,https://cover.openbd.jp/9784339077995.jpg,,1
9784822279981,徳丸浩のWebセキュリティ教室,徳丸浩／著,日経ＢＰ,https://cover.openbd.jp/9784822279981.jpg,,1
9784873117386,入門 Python 3,BillLubanovic／著 斎藤康毅／監修 長尾高弘／翻訳,オライリー・ジャパン,,,1
9784774176987,ITエンジニアのための機械学習理論入門,中井悦司／著,技術評論社,https://cover.openbd.jp/9784774176987.jpg,,1
9784320123915,近似アルゴリズムデザイン,DavidP.Williamson／著 DavidB.Shmoys／著 浅野孝夫／翻訳,共立出版,https://cover.openbd.jp/9784320123915.jpg,,1
9784822236298,矢沢久雄セレクション　アルゴリズム&デザインパターン,矢沢久雄／著,日経ＢＰ,https://cover.openbd.jp/9784822236298.jpg,,1
9784627807112,並列計算の数理とアルゴリズム,"Magoulès,F.／著 Magoulès,Frédéric／著 Roux,François-Xavier／著 ほか",森北,https://cover.openbd.jp/9784627807112.jpg,,1
9784822236052,Linuxだからできること200,日経Linux／編集,日経ＢＰ,https://cover.openbd.jp/9784822236052.jpg,,1
9784822271893,すべてわかる仮想化大全 2016,日経コンピュータ／編集,日経ＢＰ,https://cover.openbd.jp/9784822271893.jpg,,1
9784822279844,すべてわかるクラウド大全2015,日経コンピュータ／編集,日経ＢＰ,https://cover.openbd.jp/9784822279844.jpg,,1
9784822271824,すべてわかるIoT大全 2016,日経コンピュータ／編集,日経ＢＰ,https://cover.openbd.jp/9784822271824.jpg,,1
9784822279998,すべてわかるセキュリティ大全 2016,日経コンピュータ／編集 日経コミュニケーション／編集 日経NETWORK／編集 日経SYSTEMS／編集 ほか,日経ＢＰ,https://cover.openbd.jp/9784822279998.jpg,,1
9784822279936,すべてわかるビッグデータ大全2015-2016,日経コンピュータ／編集,日経ＢＰ,https://cover.openbd.jp/9784822279936.jpg,,1
9784844339632,一生使える見やすい資料のデザイン入門 : プレゼン資料が劇的改善,森重湧太／著,インプレス,https://cover.openbd.jp/9784844339632.jpg,,1
9784839958695,ITセキュリティの強化書,永田一八／著,マイナビ出版,https://cover.openbd.jp/9784839958695.jpg,,1
9784774178707,Android Studio本格活用バイブル,今井勝信／著,技術評論社,https://cover.openbd.jp/9784774178707.jpg,,1
9784798045399,Android StudioではじめるAndroidプログラミング入門,掌田津耶乃／著,秀和システム,https://cover.openbd.jp/9784798045399.jpg,,1
9784839958695,ITセキュリティの強化書,永田一八／著,マイナビ出版,https://cover.openbd.jp/9784839958695.jpg,,1
9784274218026,進化計算と深層学習 創発する知能,伊庭斉志／著,株式会社オーム社,,,1
9784339028010,情報ネットワーク科学シリーズ,成瀬誠／著 村田正幸／著 電子情報通信学会／監修 電子通信学会／著,コロナ社,https://cover.openbd.jp/9784339028010.jpg,,1
9784339028027,情報ネットワーク科学シリーズ,井上武／著 巳波弘佳／著 電子情報通信学会／監修 電子通信学会／著,コロナ社,https://cover.openbd.jp/9784339028027.jpg,,1
9784339028058,情報ネットワーク科学シリーズ,若宮直紀／著 荒川伸一／著 電子情報通信学会／監修 電子通信学会／著,コロナ社,,,1
9784062578912,Raspberry　Piで学ぶ電子工作　超小型コンピュータで電子回路を制御する,金丸隆志／著,講談社,https://cover.openbd.jp/9784062578912.jpg,,1
9784774178653,ソフトウェアエンジニアのためのITインフラ監視〈実践〉入門,斎藤祐一郎／著,技術評論社,https://cover.openbd.jp/9784774178653.jpg,,1
9784797384406,確かな力が身につくPython「超」入門,鎌田正浩／著,SBクリエイティブ,https://cover.openbd.jp/9784797384406.jpg,,1
9784062579506,実例で学ぶRaspberry　Pi電子工作　作りながら応用力を身につける,金丸隆志／著,講談社,https://cover.openbd.jp/9784062579506.jpg,,1
9784621088173,ネットワーク科学　つながりが解き明かす世界のかたち,増田直紀／監修・翻訳 高口太朗／翻訳,丸善出版,,,1
9784621089729,コンピュータサイエンス,渡辺治／著,丸善,https://cover.openbd.jp/9784621089729.jpg,,1
9784621088920,（仮）数の世界,一松信／著,丸善出版,,,1
9784621087657,統計学,"Hand,D.J.／著 Hand,DavidJ.／著 上田修功／翻訳 ハンドデイビッド・J.／著",丸善,https://cover.openbd.jp/9784621087657.jpg,,1
9784621088289,確率 不確かさを扱う,"Haigh,John／著 Haigh,John,Dr.／著 木村邦博／翻訳 ヘイグジョン／著",丸善,https://cover.openbd.jp/9784621088289.jpg,,1
9784822275389,セキュリティ厳選記事まとめ読み,ITpro／編集 日経コンピュータ／編集 日経コミュニケーション／編集 日経SYSTEMS／編集,日経ＢＰ,https://cover.openbd.jp/9784822275389.jpg,,1
9784061538252,イラストで学ぶ　ディープラーニング,山下隆義／著,講談社サイエンティフィク,https://cover.openbd.jp/9784061538252.jpg,,1
9784797387117,数学ガールの秘密ノート／場合の数,結城浩／著,SBクリエイティブ,https://cover.openbd.jp/9784797387117.jpg,,1
9784865940220,初めてのディープラーニング －－オープンソース,武井宏将／著,リックテレコム,https://cover.openbd.jp/9784865940220.jpg,,1
9784797382228,暗号技術入門 第3版 秘密の国のアリス,結城浩／著,SBクリエイティブ,https://cover.openbd.jp/9784797382228.jpg,,1
9784492581070,ＩＴロードマップ　２０１６年版,野村総合研究所デジタルビジネス推進部／著,東洋経済新報社,https://cover.openbd.jp/9784492581070.jpg,,1
9784492502815,ＩＴナビゲーター２０１６年版,野村総合研究所ＩＣＴ・メディア産業コンサルティング部／著,東洋経済新報社,https://cover.openbd.jp/9784492502815.jpg,,1
9784492762226,２０３０年のＩｏＴ,桑津浩太郎／著,東洋経済新報社,,,1
9784501526504,量子コンピュータ入門,西野哲朗／著,東京電機大学出版局,,,1
9784320111516,確率で読み解く日常の不思議,PaulJ.Nahin／著 蟹江幸博／翻訳,共立出版,https://cover.openbd.jp/9784320111516.jpg,,1
9784061529113,生命情報処理における機械学習　多重検定と推定量設計,瀬々潤／著 浜田道昭／著,講談社,https://cover.openbd.jp/9784061529113.jpg,,1
9784774180007,サーバ構築の実例がわかるSamba〈実践〉入門,高橋基信／著,技術評論社,https://cover.openbd.jp/9784774180007.jpg,,1
9784883379422,小さな会社の新米サーバー/インフラ担当者のためのLinuxの常識,中島能和／著,ソシム,https://cover.openbd.jp/9784883379422.jpg,,1
9784797380941,新しいLinuxの教科書,三宅英明／著 大角祐介／著,SBクリエイティブ,https://cover.openbd.jp/9784797380941.jpg,,1
9784048930505,Unix考古学 Truth of the Legend ,藤田昭人／著,ドワンゴ,https://cover.openbd.jp/9784048930505.jpg,,1
9784839957803,現場のプロが教える!ネットワーク運用管理の教科書,のびきよ／著,マイナビ,https://cover.openbd.jp/9784839957803.jpg,,1
9784883379682,Redmine実践ガイド,アジャイルウェア／著,ソシム,https://cover.openbd.jp/9784883379682.jpg,,1
9784798143668,エンジニアのためのGitの教科書 実践で使える！バージョン管理とチーム開発手法,株式会社リクルートテクノロジーズ／著 株式会社リクルートマーケティングパートナーズ／著 ほか,翔泳社,https://cover.openbd.jp/9784798143668.jpg,,1
9784774180076,仕事ですぐ役立つVim & Emacsエキスパート活用術,SoftwareDesign編集部／著,技術評論社,https://cover.openbd.jp/9784774180076.jpg,,1
9784764904897,人工知能とは,人工知能学会／監修 松尾豊／著・編集 中島秀之／著 西田豊明／著 溝口理一郎／著 長尾真／著 ほか,近代科学社,https://cover.openbd.jp/9784764904897.jpg,,1
9784535788053,量子コンピュータ入門（第2版),宮野健次郎／著 古澤明／著,日本評論社,,,1
9784048694025,The　Art　of　Computer　Programming　Volume　1　Fundamental　Algorithms　Third　Edition　日本語版,ＤｏｎａｌｄＥ．Ｋｎｕｔｈ／著 有澤誠／監修 和田英一／監修 青木孝／翻訳 筧一彦／翻訳 ほか,ドワンゴ,https://cover.openbd.jp/9784048694025.jpg,,1
9784048694162,The　Art　of　Computer　Programming　Volume　2　Seminumerical　Algorithms　Third　Edition　日本語版,ＤｏｎａｌｄＥ．Ｋｎｕｔｈ／著 有澤誠／監修 和田英一／監修 斎藤博昭／翻訳 長尾高弘／翻訳 ほか,ドワンゴ,https://cover.openbd.jp/9784048694162.jpg,,1
9784048694315,The　Art　of　Computer　Programming　Volume　3　Sorting　and　Searching　Second　Edition　日本語版,ＤｏｎａｌｄＥ．Ｋｎｕｔｈ／著 有澤誠／監修 和田英一／監修 石井裕一郎／翻訳 伊知地宏／翻訳 ほか,ドワンゴ,https://cover.openbd.jp/9784048694315.jpg,,1
9784822236564,この1冊でまるごとわかる　人工知能＆IoTビジネス,日経ビッグデータ／編集,日経ＢＰ,https://cover.openbd.jp/9784822236564.jpg,,1
9784822236465,すべてわかるクラウド大全2016,日経コンピュータ／編集,日経ＢＰ,https://cover.openbd.jp/9784822236465.jpg,,1
9784532113377,個人情報保護法の知識,岡村久道／著,日本経済新聞出版社,,,1
9784798139760,ニッポンの個人情報 「個人を特定する情報が個人情報である」と信じているすべての方へ,鈴木正朝／著 高木浩光／著 山本一郎／著,翔泳社,https://cover.openbd.jp/9784798139760.jpg,,1
9784822285432,アルゴリズムの基本,トーマス・H・コルメン／著 長尾高弘／翻訳,日経ＢＰ,https://cover.openbd.jp/9784822285432.jpg,,1
9784274218873,機械学習と深層学習,小高知宏／著,株式会社オーム社,,,1
9784822284978,"ソーシャル・エンジニアリング : 最大の弱点""人間""をハッカーの魔の手から守るには","Hadnagy,Christopher／著 成田光彰／翻訳 ハドナジークリストファー／著",日経BP社 : 日経BPマーケティング,https://cover.openbd.jp/9784822284978.jpg,,1
9784822237653,すべてわかるセキュリティ大全2017,日経コンピュータ／編集,日経ＢＰ,https://cover.openbd.jp/9784822237653.jpg,,1
9784797372755,標的型攻撃セキュリティガイド,岩井博樹／著,ソフトバンククリエイティブ,https://cover.openbd.jp/9784797372755.jpg,,1
9784844380603,Python機械学習プログラミング : 達人データサイエンティストによる理論と実践,"Raschka,Sebastian／著 クイープ／翻訳 福島真太朗／翻訳 ラシュカセバスチャン／著",インプレス,,,1
9784774176734,Amazon Web Services実践入門,今井智明／著 永淵恭子／著 舘岡守／著 三浦悟／著 柳瀬任章／著 間瀬哲也／著,技術評論社,https://cover.openbd.jp/9784774176734.jpg,,1
9784774179926,AWSエキスパート養成読本 : Amazon Web Servicesに最適化されたアーキテクチャを手に入れる!,今井智明／著 冨永善視／著 大栗宗／著 大瀧隆太／著 松井基勝／著 藤原吉規／著 吉田真吾／著,技術評論社,https://cover.openbd.jp/9784774179926.jpg,,1
9784844335917,APIデザインの極意,"Tulach,Jaroslav／著 柴田芳樹／翻訳 ツゥラッハヤロスラフ／著",インプレスジャパン : インプレスコミュニケーションズ,https://cover.openbd.jp/9784844335917.jpg,,1
9784798136868,クラウドセキュリティ,久保田朋秀／著 河野省二／著 金丸浩二／著 吉井和明／著 吉田雄哉／著 渡辺一宏／著 ほか,翔泳社,https://cover.openbd.jp/9784798136868.jpg,,1
9784061529106,スパース性に基づく機械学習,冨岡亮太／著,講談社,https://cover.openbd.jp/9784061529106.jpg,,1
9784822251550,SOFT SKILLS　ソフトウェア開発者の人生マニュアル,ジョン・ソンメズ／著 まつもとゆきひろ／解説 長尾高弘／翻訳,日経ＢＰ,https://cover.openbd.jp/9784822251550.jpg,,1
9784798143491,ルビィのぼうけん こんにちは！プログラミング,リンダ・リウカス／著 鳥井雪／翻訳,翔泳社,https://cover.openbd.jp/9784798143491.jpg,,1
9784839959593,効果的な導入・運用のための　Amazon Web Services活用入門,石井大河／著 板橋正之／著 内田学／著 大串肇／著 岡本秀高／著 片山暁雄／著 金春利幸／著 ほか,マイナビ出版,https://cover.openbd.jp/9784839959593.jpg,,1
9784798122205,独習C#,"Schildt,Herbert／著 エディフィストラーニング株式会社／翻訳 矢嶋聡／翻訳 ほか",翔泳社,https://cover.openbd.jp/9784798122205.jpg,,1
9784822237967,まるわかり！人工知能 最前線,日経コンピュータ／編集,日経ＢＰ,https://cover.openbd.jp/9784822237967.jpg,,1
9784839955557,ノンデザイナーズ・デザインブック　［第4版］,RobinWilliams／著 吉川典秀／翻訳 小原司［日本語版解説］／監修・翻訳 ほか,マイナビ出版,https://cover.openbd.jp/9784839955557.jpg,,1
9784774149486,C#ポケットリファレンス,土井毅／著 山田祥寛／監修 飯島聡／著 高尾哲朗／著 高江賢／著,技術評論社,https://cover.openbd.jp/9784774149486.jpg,,1
9784814000487,科学論文の英語用法百科　第２編,グレン・パケット／著,京都大学学術出版会,https://cover.openbd.jp/9784814000487.jpg,,1
9784774184265,プロのためのLinuxシステム構築・運用技術,中井悦司／著,技術評論社,,,1
9784774183619,オブジェクト指向設計実践ガイド,"Metz,Sandi／著 髙山泰基／翻訳 高山泰基／翻訳 メッツサンディ／著",技術評論社,,,1
9784774183602,データサイエンティスト養成読本,佐藤洋行／著 原田博植／著 里洋平／著 下田倫大／著 中原誠／著 中川帝人／著 倉橋一成／著 ほか,技術評論社,,,1
9784822251864,日経テクノロジー展望2017　世界を変える100の技術,日経BP社／編集,日経ＢＰ,https://cover.openbd.jp/9784822251864.jpg,,1
9784627880313,これからの強化学習,牧野貴樹／著・編集 澁谷長史／著・編集 白川真一／著・編集 浅田稔／著 麻生英樹／著 ほか,森北出版,https://cover.openbd.jp/9784627880313.jpg,,1
9784873117584,ゼロから作るDeep Learning,斎藤康毅／著,オライリー・ジャパン,,,1
9784865940589,Pythonデータサイエンス　－可視化、集計、統計分析、機械学習－,杜世橋／著,リックテレコム,https://cover.openbd.jp/9784865940589.jpg,,1
9784839960889,TensorFlowで学ぶディープラーニング入門,中井悦司／著,マイナビ出版,https://cover.openbd.jp/9784839960889.jpg,,1
9784865940060,JavaScriptではじめるIoT いろはの“い”　Raspberry Piで楽々試作,岩永義弘／著,リックテレコム,https://cover.openbd.jp/9784865940060.jpg,,1
9784839960681,Raspberry Piではじめるおうちハック,大和田茂／著 川上和義／著 小菅昌克／著,マイナビ出版,https://cover.openbd.jp/9784839960681.jpg,,1
9784822237981,あなたのセキュリティ対応間違っています,辻伸弘／著,日経ＢＰ,https://cover.openbd.jp/9784822237981.jpg,,1
9784774185293,ネットワークエンジニアのためのヤマハルーター実践ガイド,関部然／著,技術評論社,,,1
9784274219634,Pythonによる機械学習入門,株式会社システム計画研究所／編集,株式会社オーム社,,,1
9784339028515,Pythonで体験する深層学習,浅川伸一／著,コロナ社,,,1
9784339028591,プログラムで愉しむ数理パズル,伊庭斉志／著,コロナ社,,,1
9784627818019,心を交わす人工知能,荒木健治／著 ジェプカ・ラファウ／著 プタシンスキ・ミハウ／著 ディバワ・パヴェウ／著,森北出版,https://cover.openbd.jp/9784627818019.jpg,,1
9784535798052,ジュニア数学オリンピック2012-2016,数学オリンピック財団／編集,日本評論社,https://cover.openbd.jp/9784535798052.jpg,,1
9784535788176,数学オリンピック２０１２－２０１６,（公財）数学オリンピック財団／監修,日本評論社,https://cover.openbd.jp/9784535788176.jpg,,1
9784774183671,Pythonクローリング&スクレイピング : データ収集・解析のための実践開発ガイド,加藤耕太／著,技術評論社,,,1
9784774185347,はじめての深層学習プログラミング,清水亮／著,技術評論社,,,1
9784822236861,グーグルに学ぶディープラーニング,日経ビッグデータ／編集,日経ＢＰ,https://cover.openbd.jp/9784822236861.jpg,,1
9784774185934,Gitポケットリファレンス,岡本隆史／著 武田健太郎／著 相良幸範／著,技術評論社,,,1
9784416616925,スウガクって、なんの役に立ちますか？,杉原厚吉／著,誠文堂新光社,https://cover.openbd.jp/9784416616925.jpg,,1
9784822251895,量子コンピュータが人工知能を加速する,西森秀稔／著 大関真之／著,日経ＢＰ,https://cover.openbd.jp/9784822251895.jpg,,1
9784274214790,ワイヤレス通信工学,三瓶政一／著,オーム社,https://cover.openbd.jp/9784274214790.jpg,,1
9784000298544,岩波データサイエンス　4,岩波データサイエンス刊行委員会／編集,岩波書店,,,1
9784000298551,岩波データサイエンス　5,岩波データサイエンス刊行委員会／編集,岩波書店,,,1
9784492970270,ビジネスパーソンのための　決定版　人工知能　超入門,東洋経済新報社／編集,東洋経済新報社,,,1
9784339007916,アドホック・メッシュネットワーク : ユビキタスネットワーク社会の実現に向けて,間瀬憲一／著 阪田史郎／著,コロナ社,https://cover.openbd.jp/9784339007916.jpg,,1
9784822239176,まつもとゆきひろ　言語のしくみ,まつもとゆきひろ／著,日経ＢＰ,https://cover.openbd.jp/9784822239176.jpg,,1
9784774187594,Androidを支える技術,有野和真／著,技術評論社,,,1
9784873117850,アルゴリズムクイックリファレンス 第2版,GeorgeT.Heineman／著 GaryPollice／著 StanleySelkow／著 ほか,オライリー･ジャパン,,,1
9784774188126,パーフェクトR,Rサポーターズ／著,技術評論社,https://cover.openbd.jp/9784774188126.jpg,,1
9784774188614,Androidを支える技術,有野和真／著,技術評論社,https://cover.openbd.jp/9784774188614.jpg,,1
9784822239190,すべてわかるIoT大全 2017,日経コンピュータ／編集,日経ＢＰ,https://cover.openbd.jp/9784822239190.jpg,,1
9784774178035,基本からしっかり学ぶSymfony2入門,後藤秀宣／著 金本貴志／著,技術評論社,https://cover.openbd.jp/9784774178035.jpg,,1
9784798139784,OpenStackクラウドインテグレーション オープンソースクラウドによるサービス構築入門,日本OpenStackユーザ会／著,翔泳社,https://cover.openbd.jp/9784798139784.jpg,,1
9784864010887,Objective-C明解プログラミング : 基礎から応用までステップ・バイ・ステップ方式でわかりやすく解説,"Kochan,Stephen／著 Kochan,StephenG／著 柴田芳樹／翻訳 ほか",ピアソン桐原,https://cover.openbd.jp/9784864010887.jpg,,1
9784434155918,MATLABプログラミング入門,上坂吉則／著,牧野書店 : 星雲社,https://cover.openbd.jp/9784434155918.jpg,,1
9784797368277,詳解Objective-C 2.0,荻原剛志／著,ソフトバンククリエイティブ,https://cover.openbd.jp/9784797368277.jpg,,1
9784774180342,サーバ/インフラエンジニア養成読本,養成読本編集部／著,技術評論社,https://cover.openbd.jp/9784774180342.jpg,,1
9784798046266,Visual C# 2015逆引き大全500の極意,国本温子／著 増田智明／著,秀和システム,https://cover.openbd.jp/9784798046266.jpg,,1
9784797386684,やさしいC# 第2版,高橋麻奈／著,SBクリエイティブ,https://cover.openbd.jp/9784797386684.jpg,,1
9784797382686,標準テキスト CentOS 7 構築・運用・管理パーフェクトガイド,有限会社ナレッジデザイン大竹龍史／著 市来秀男／著 山本道子／著 山崎佳子／著,SBクリエイティブ,https://cover.openbd.jp/9784797382686.jpg,,1
9784877830038,Virtual network computing入門 : OSの壁を超えて,VNC研究会／著 白井徹也／著,カットシステム,,,1
9784048930550,The Art of Computer Programming Volume 4A Combinatorial Algorithms Part1 日本語版  ,ＤｏｎａｌｄＥ．Ｋｎｕｔｈ／著 有澤誠／監修 和田英一／監修 筧一彦／翻訳 小出洋／翻訳,ドワンゴ,https://cover.openbd.jp/9784048930550.jpg,,1
9784000063272,ビジュアル　数学全史,クリフォード・ピックオーバー／著 根上生也／翻訳 水原文／翻訳,岩波書店,https://cover.openbd.jp/9784000063272.jpg,,1
9784622085621,情報倫理 技術・プライバシー・著作権,大谷卓史／著,みすず書房,https://cover.openbd.jp/9784622085621.jpg,,1
9784764905368,グラフ・ネットワークアルゴリズムの基礎,浅野孝夫／著,近代科学社,https://cover.openbd.jp/9784764905368.jpg,,1
9784532512163,AI : 人工知能の軌跡と未来,竹内郁雄／著,日経サイエンス;日本経済新聞出版社 (発売),,,1
9784822259099,セキュリティ事故対応 最強の指南書,日経NETWORK／編集,日経ＢＰ,https://cover.openbd.jp/9784822259099.jpg,,1
9784822259105,ITアーキテクトのバイブル 2017-2018,日経SYSTEMS／編集,日経ＢＰ,https://cover.openbd.jp/9784822259105.jpg,,1
9784839962517,詳解 ディープラーニング,巣籠悠輔／著,マイナビ出版,https://cover.openbd.jp/9784839962517.jpg,,1
9784774189215,Intel Edisonマスターブック,北神雄太／著,技術評論社,https://cover.openbd.jp/9784774189215.jpg,,1
9784798149776,アルゴリズム図鑑 絵で見てわかる26のアルゴリズム,石田保輝／著 宮崎修一／著,翔泳社,https://cover.openbd.jp/9784798149776.jpg,,1
9784822249946,システム×デザイン思考で世界を変える 慶應SDM「イノベーションのつくり方」,前野隆司／著,日経ＢＰ,https://cover.openbd.jp/9784822249946.jpg,,1
9784585230564,博士になったらどう生きる？,栗田佳代子／監修 吉田塁／編集 堀内多恵／編集,勉誠出版,https://cover.openbd.jp/9784585230564.jpg,,1
9784774189604,図解コレ1枚でわかる最新ITトレンド,斎藤昌義／著,技術評論社,,,1
9784822245313,未来を変える80人 : 僕らが出会った社会起業家,"Darnil,Sylvain／著 LeRoux,Mathieu／著 永田千奈／翻訳 ほか",日経BP社 : 日経BP出版センター,https://cover.openbd.jp/9784822245313.jpg,,1
9784478102541,人工知能はどのようにして 「名人」を超えたのか？,山本一成／著,ダイヤモンド社,https://cover.openbd.jp/9784478102541.jpg,,1
9784274219993,実装　ディープラーニング,株式会社フォワードネットワーク／監修 藤田一弥／著 高原歩／著,株式会社オーム社,,,1
9784798152561,最強囲碁AI アルファ碁 解体新書 深層学習、モンテカルロ木探索、強化学習から見たその仕組み,大槻知史／著 三宅陽一郎／監修,翔泳社,https://cover.openbd.jp/9784798152561.jpg,,1
9784048996075,ＡＩ白書　２０１７  ,独立行政法人情報処理推進機構AI白書編集委員会／編集,角川アスキー総合研究所,https://cover.openbd.jp/9784048996075.jpg,,1
9784295002000,TensorFlow機械学習クックブック,,インプレス,,,1
9784320005983,これからレポート・卒論を書く若者のために 第2版,酒井聡樹／著,共立出版,https://cover.openbd.jp/9784320005983.jpg,,1
9784320124226,速習 強化学習 基礎理論とアルゴリズム,CsabaSzepesvari／著 小山田創哲／編集・翻訳 前田新一／翻訳 小山雅典／翻訳 ほか,共立出版,https://cover.openbd.jp/9784320124226.jpg,,1
9784627726536,アルゴリズムとデータ構造(第3版) ,平田富夫／著,森北出版,https://cover.openbd.jp/9784627726536.jpg,,1
9784764905474,京都のアルゴリズム,岩間一雄／著,近代科学社,https://cover.openbd.jp/9784764905474.jpg,,1
9784873117850,アルゴリズムクイックリファレンス 第2版,GeorgeT.Heineman／著 GaryPollice／著 StanleySelkow／著 ほか,オライリー･ジャパン,,,1
9784800711793,Mastodon入門ガイド,大喜多利哉／著,ソーテック社,,,1
9784774192222,Pythonエンジニアファーストブック,,技術評論社,,,1
9784130621427,コンピューティング科学　新版,川合慧／著,東京大学出版会,https://cover.openbd.jp/9784130621427.jpg,,1
9784320124226,速習 強化学習 基礎理論とアルゴリズム,CsabaSzepesvari／著 小山田創哲／編集・翻訳 前田新一／翻訳 小山雅典／翻訳 ほか,共立出版,https://cover.openbd.jp/9784320124226.jpg,,1
9784774193229,マジメだけどおもしろいセキュリティ講義,すずきひろのぶ／著,技術評論社,https://cover.openbd.jp/9784774193229.jpg,,1
9784871939010,Kentとつくろう!PerlでCGI,Kent／著,エーアイ,,,1
9784526040276,モダンヒューリスティックス : 組合せ最適化の先端手法,"Reeves,ColinR／著 佐藤晴夫／著 奈良宏一／著 横山隆一／著 荻本和彦／著 ほか",日刊工業新聞社,,,1
9784274061011,人工生命の世界,服部桂／著,オーム社,,,1
9784756140517,Postfix : メールサーバの構築,"Blum,Richard／著 コスモプラネット／翻訳 ブラムリチャード／著",アスキー,,,1
9784274065767,Postfix詳解 : MTAの理解とメールサーバの構築・運用,荒木靖宏／著,オーム社,https://cover.openbd.jp/9784274065767.jpg,,1
9784873113814,"Apacheクックブック : Webサーバ管理者のためのレシピ集 : Apache 2.0,2.2対応","Bowen,RichardCooper／著 Coar,KenA.L／著 笹井崇司／翻訳 ほか",オライリー・ジャパン : オーム社,https://cover.openbd.jp/9784873113814.jpg,,1
9784774115290,はじめてのApache,小沼佳洋／著,技術評論社,,,1
9784756144430,ここまでできるVisio実例集600 : 2003/2002/2000対応版,西真由／著,アスキー,https://cover.openbd.jp/9784756144430.jpg,,1
9784621301135,アルゴリズム,東京大学工学教程編纂委員会／著 渋谷哲朗／著,丸善,,,1
9784822259808,まるわかり！人工知能　最前線2018,ITpro／編集 日経コンピュータ／編集 松山貴之／編集,日経ＢＰ,https://cover.openbd.jp/9784822259808.jpg,,1
9784431100621,アルゴリズムとデータ構造 : 基礎のツールボックス,"Mehlhorn,Kurt／著 Sanders,Peter／著 浅野哲夫／翻訳 サンダースP.／著 ほか",シュプリンガー・ジャパン,https://cover.openbd.jp/9784431100621.jpg,,1
9784274067853,RailsによるアジャイルWebアプリケーション開発,"Hansson,DavidHeinemeier／著 Ruby,Sam／著 Thomas,David／著 ほか",オーム社,https://cover.openbd.jp/9784274067853.jpg,,1
9784873113869,実践Rails : 強力なWebアプリケーションをすばやく構築するテクニック,"Ediger,Brad／著 クイープ／翻訳 エディガーブレッド／著",オライリー・ジャパン : オーム社,https://cover.openbd.jp/9784873113869.jpg,,1
9784816342073,はじめて学ぶUML,竹政昭利／著,ナツメ社,https://cover.openbd.jp/9784816342073.jpg,,1
9784774117294,Javaによるアルゴリズム事典,奥村晴彦／著 津留和生／著 首藤一幸／著 光成滋生／著 土村展之／著 松井吉光／著 ほか,技術評論社,https://cover.openbd.jp/9784774117294.jpg,,1
9784431709916,近似アルゴリズム,浅野孝夫／翻訳 ヴァジラーニV.V.／著,シュプリンガー・フェアラーク東京,,,1
9784797331646,Javaによるアルゴリズムとデータ構造,柴田望洋／著,ソフトバンククリエイティブ,https://cover.openbd.jp/9784797331646.jpg,,1
9784862460233,空間的データ構造とアルゴリズム,中本浩／翻訳 鈴木宏正／翻訳,ボーンデジタル,,,1
9784621049983,組合せ最適化アルゴリズムの最新手法 : 基礎から工学応用まで,白石洋一／翻訳 ヨゼフハビブ／著 サイトサディック・M.／著,丸善,,,1
9784764903098,アルゴリズムC : 基礎・データ構造・整列・探索,"Sedgewick,Robert／著 佐藤創／著 星守／著 田口東／著 野下浩平／著 ほか",近代科学社,https://cover.openbd.jp/9784764903098.jpg,,1
9784320029408,はじめての並列プログラミング,湯浅太一／著 安村通晃／著 中田登志之／著,共立出版,https://cover.openbd.jp/9784320029408.jpg,,1
9784797367171,最強最速アルゴリズマー養成講座 : プログラミングコンテストTopCoder攻略ガイド,高橋直大／著,ソフトバンククリエイティブ,https://cover.openbd.jp/9784797367171.jpg,,1
9784774140391,これだけは知っておきたいサーバの常識,佐藤尚孝／著 佐野裕／著 小島太郎／著,技術評論社,https://cover.openbd.jp/9784774140391.jpg,,1
9784797357400,たのしいRuby,まつもとゆきひろ／監修 後藤裕蔵／著 高橋征義／著,ソフトバンククリエイティブ,https://cover.openbd.jp/9784797357400.jpg,,1
9784798031996,EclipseではじめるAndroidプログラミング入門 = Android Programming Guide : SDK2.1～2.3/4.0対応,掌田津耶乃／著,秀和システム,https://cover.openbd.jp/9784798031996.jpg,,1
9784797336627,Railsレシピブック183の技,諸橋恭介／著 高橋征義／著,ソフトバンククリエイティブ,https://cover.openbd.jp/9784797336627.jpg,,1
9784756144522,プログラミングに活かすデータ構造とアルゴリズムの基礎知識,今泉貴史／著,アスキー,https://cover.openbd.jp/9784756144522.jpg,,1
9784764902770,コンピュータ・ジオメトリ : 計算幾何学:アルゴリズムと応用,"Berg,Markde／著 DeBerg,Mark／著 Kreveld,Marcvan／著 ほか",近代科学社,,,1
9784431711834,組合せ最適化 : 理論とアルゴリズム,"Korte,BernhardH／著 Korte,BernhardH.／著 Vygen,Jens／著 ほか",シュプリンガー・フェアラーク東京,https://cover.openbd.jp/9784431711834.jpg,,1
9784431711827,計算困難問題に対するアルゴリズム理論,"Hromkovic̆,Juraj／著 Hromkovič,Juraj／著 元木光雄／翻訳 ほか",シュプリンガー・フェアラーク東京,https://cover.openbd.jp/9784431711827.jpg,,1
9784274131905,計算とアルゴリズム,今井浩／著 浅野孝夫／著,オーム社,,,1
9784822284930,世界でもっとも強力な9のアルゴリズム,"MacCormick,John／著 長尾高弘／翻訳 マコーミックジョン／著",日経BP社 : 日経BPマーケティング,https://cover.openbd.jp/9784822284930.jpg,,1
9784839931490,Rubyでつくる検索エンジン,Usu-ya／著 星澤隆／著,毎日コミュニケーションズ,https://cover.openbd.jp/9784839931490.jpg,,1
9784839909864,CPUの創りかた : IC10個のお手軽CPU設計超入門 : 初歩のデジタル回路動作の基本原理と製作,渡波郁／著,毎日コミュニケーションズ,https://cover.openbd.jp/9784839909864.jpg,,1
9784873115023,iPhoneアプリ設計の極意,JoshClark／著 深津貴之／監修 武舎広幸／翻訳 武舎るみ／翻訳,オライリー・ジャパン,,,1
9784320029538,データ構造と基本アルゴリズム,渡邊敏正／著,共立出版,https://cover.openbd.jp/9784320029538.jpg,,1
9784798011004,Eclipse3+UML2.0による実践ソフトウェア開発 : Java徹底活用,テクノロジックアート／著 照井康真／監修 長瀬嘉秀／監修,秀和システム,https://cover.openbd.jp/9784798011004.jpg,,1
9784535608122,情報の構造,浅野孝夫／著,日本評論社,,,1
9784535608139,情報の構造,浅野孝夫／著,日本評論社,,,1
9784894711877,Javaの格言 : より良いオブジェクト設計のためのパターンと定石,"Bishop,Philip／著 Warren,Nigel／著 安藤慶一／翻訳 ビショップフィリップ／著 ほか",ピアソン・エデュケーション,,,1
9784254126174,組合せ最適化 : 短編集,久保幹雄／著 松井知己／著,朝倉書店,,,1
9784797318388,オブジェクト指向からエージェント指向へ : ソフトウェアのこれからを知る入門書,大須賀昭彦／著 本位田真一／著,ソフトバンクパブリッシング,,,1
9784798107639,独習UML,テクノロジックアート／著 橋本大輔／監修 長瀬嘉秀／監修,翔泳社,https://cover.openbd.jp/9784798107639.jpg,,1
9784822258566,まるわかり! AI開発 最前線 2018,ITpro／編集 日経コンピュータ／編集 日経SYSTEMS／編集 松山貴之／編集,日経ＢＰ,https://cover.openbd.jp/9784822258566.jpg,,1
9784774193533,堅牢なスマートコントラクト開発のためのブロックチェーン〈技術〉入門,田篭照博／著 田籠照博／著,技術評論社,,,1
9784774192253,ビッグデータを支える技術,,技術評論社,,,1
9784774148977,Emacs LISPテクニックバイブル : 真髄を知るLispの掟,るびきち／著,技術評論社,https://cover.openbd.jp/9784774148977.jpg,,1
9784822258429,ブロックチェーン技術の未解決問題,松尾真一郎他／著,日経ＢＰ,https://cover.openbd.jp/9784822258429.jpg,,1
9784774194127,Illustrator & Photoshopレイアウトデザイン50選,宇野佳奈子／著 簾内文美／著,技術評論社,https://cover.openbd.jp/9784774194127.jpg,,1
9784798145938,やってはいけないデザイン,平本久美子／著,翔泳社,https://cover.openbd.jp/9784798145938.jpg,,1
9784774195032,Rで楽しむベイズ統計入門,奥村晴彦／著 牧山幸史／著 瓜生真也／著 石田基広／著,技術評論社,,,1
9784492502976,ＩＴナビゲーター２０１８年版,野村総合研究所ＩＣＴ・メディア産業コンサルティング部／著,東洋経済新報社,https://cover.openbd.jp/9784492502976.jpg,,1
9784758120432,科研費獲得の方法とコツ,児島将康／著,羊土社,https://cover.openbd.jp/9784758120432.jpg,,1
9784901496742,採択される科研費申請ノウハウ,岡田益男／著,アグネ技術センター,https://cover.openbd.jp/9784901496742.jpg,,1
9784758120692,科研費申請書の赤ペン添削ハンドブック,児島将康／著,羊土社,,,1
9784295003182,TensorFlowではじめるDeepLearning実装入門,新村拓也／著,インプレス,,,1
9784774196114,IoTエンジニア養成読本 設計編,片山暁雄／著 大槻健／著 松井基勝／著 松下享平／著,技術評論社,https://cover.openbd.jp/9784774196114.jpg,,1
9784320121744,簡潔データ構造,杉原厚吉／編集 室田一雄／編集 山下雅史／編集 渡辺治／編集 定兼邦彦／著,共立出版,https://cover.openbd.jp/9784320121744.jpg,,1
9784822251727,図解CIOハンドブック　改訂５版,野村総合研究所システムコンサルティング事業本部／著,日経ＢＰ,https://cover.openbd.jp/9784822251727.jpg,,1
9784048930628,深層学習,IanGoodfellow／著 YoshuaBengio／著 AaronCourville／著 ほか,ドワンゴ,https://cover.openbd.jp/9784048930628.jpg,,1
9784822257514,すべてわかる　IoT大全2018,日経コンピュータ／編集,日経ＢＰ,https://cover.openbd.jp/9784822257514.jpg,,1
9784532321949,大予測 次に来るキーテクノロジー2018-2019,城田真琴／著,日本経済新聞出版社,https://cover.openbd.jp/9784532321949.jpg,,1
9784492581131,ＩＴロードマップ　２０１８年版,野村総合研究所ビジネスＩＴ推進部／著 ＮＲＩセキュアテクノロジーズ／著,東洋経済新報社,https://cover.openbd.jp/9784492581131.jpg,,1
9784865941210,Google Cloud Platformではじめる機械学習と深層学習,吉川隼人／著,リックテレコム,https://cover.openbd.jp/9784865941210.jpg,,1
9784339028850,ゲーム情報学概論 : ゲームを切り拓く人工知能,三宅陽一郎／著 伊藤毅志／著 保木邦仁／著,コロナ社,,,1
9784061538214,イラストで学ぶ　機械学習　最小二乗法による識別モデル学習を中心に,杉山将／著,講談社,https://cover.openbd.jp/9784061538214.jpg,,1
9784274221392,ベイズ推定入門,大関真之／著,株式会社オーム社,,,1
9784061529168,グラフィカルモデル,渡辺有祐／著,講談社,https://cover.openbd.jp/9784061529168.jpg,,1
9784320009097,ICT未来予想図,土井美和子／著 原隆浩／解説,共立出版,https://cover.openbd.jp/9784320009097.jpg,,1
9784254128956,Pythonによる 数理最適化入門,久保幹雄／監修 並木誠／著,朝倉書店,https://cover.openbd.jp/9784254128956.jpg,,1
9784839964269,PythonとKerasによるディープラーニング,FrancoisChollet／著 株式会社クイープ／翻訳 巣籠悠輔／監修・翻訳,マイナビ出版,https://cover.openbd.jp/9784839964269.jpg,,1
9784798154121,現場で使える！TensorFlow開発入門 Kerasによる深層学習モデル構築手法,太田満久／著 須藤広大／著 黒澤匠雅／著 小田大輔／著,翔泳社,https://cover.openbd.jp/9784798154121.jpg,,1
9784535783836,ライフゲイムの宇宙,"Poundstone,William／著 有沢誠／著 パウンドストーンウィリアム／著",日本評論社,https://cover.openbd.jp/9784535783836.jpg,,1
9784061538214,イラストで学ぶ　機械学習　最小二乗法による識別モデル学習を中心に,杉山将／著,講談社,https://cover.openbd.jp/9784061538214.jpg,,1
9784774196909,C言語による標準アルゴリズム事典,奥村晴彦／著,技術評論社,https://cover.openbd.jp/9784774196909.jpg,,1
9784061538283,機械学習スタートアップシリーズ　これならわかる深層学習入門,瀧雅人／著,講談社,https://cover.openbd.jp/9784061538283.jpg,,1
9784320006102,これから学会発表する若者のために,酒井聡樹／著,共立出版,https://cover.openbd.jp/9784320006102.jpg,,1
9784774199382,2万回のA/Bテストからわかった支持されるWebデザイン事例集,KAIZENTEAM／著 鬼石真裕／著,技術評論社,,,1
9784422400396,インフォグラフィックで見るサイエンスの世界,トム・キャボット／著 柴田浩一／翻訳 千葉啓恵／翻訳,創元社,https://cover.openbd.jp/9784422400396.jpg,,1
9784774199382,2万回のA/Bテストからわかった支持されるWebデザイン事例集,KAIZENTEAM／著 鬼石真裕／著,技術評論社,,,1
9784621303085,AI時代の翻訳に役立つGoogle (グーグル) 活用テクニック,安藤進／著,丸善出版,,,1
9784274222740,コンピュータハイジャッキング,酒井和哉／著,株式会社オーム社,https://cover.openbd.jp/9784274222740.jpg,,1
9784800712233,詳細！Swift　iPhoneアプリ開発　入門ノート　iOS　12+Xcode　10対応,大重美幸／著,ソーテック社,,,1
9784797393163,体系的に学ぶ 安全なWebアプリケーションの作り方 第2版,徳丸浩／著,SBクリエイティブ,https://cover.openbd.jp/9784797393163.jpg,,1
9784774198767,エンジニアの知的生産術,,技術評論社,,,1
9784873118437,コンピュータサイエンス探偵の事件簿,JeremyKubica／著 鈴木幸敏／翻訳,オライリー・ジャパン,,,1
9784774196893,チューリングの考えるキカイ : 人工知能の父に学ぶコンピュータ・サイエンスの基礎,笠井琢美／著 阿部彩芽／著,技術評論社,,,1
9784501556402,コンピュータとは何か？,中村克彦／著,東京電機大学出版局,https://cover.openbd.jp/9784501556402.jpg,,1
9784062576192,離散数学「数え上げ理論」,野崎昭弘／著,講談社,https://cover.openbd.jp/9784062576192.jpg,,1
9784065117569,離散数学「ものを分ける理論」　問題解決のアルゴリズムをつくる,徳田雄洋／著,講談社,https://cover.openbd.jp/9784065117569.jpg,,1
9784800712233,詳細！Swift　iPhoneアプリ開発　入門ノート　iOS　12+Xcode　10対応,大重美幸／著,ソーテック社,,,1
9784621066034,プレゼンテーションZen : プレゼンのデザインと伝え方に関するシンプルなアイデア,"Kawasaki,Guy／著 Reynolds,Garr／著 熊谷小百合／翻訳",丸善,https://cover.openbd.jp/9784621066034.jpg,,1
9784774196114,IoTエンジニア養成読本 設計編,片山暁雄／著 大槻健／著 松井基勝／著 松下享平／著,技術評論社,https://cover.openbd.jp/9784774196114.jpg,,1
9784297100414,セキュリティのためのログ分析入門 : サイバー攻撃の痕跡を見つける技術,折原慎吾／著,技術評論社,,,1
9784822256173,日経BP総研2030展望 ビジネスを揺るがす100のリスク,日経BP総研／著,日経ＢＰ,https://cover.openbd.jp/9784822256173.jpg,,1
9784822255923,日経テクノロジー展望2019 世界をつなぐ 100の技術,日経BP社／著,日経ＢＰ,https://cover.openbd.jp/9784822255923.jpg,,1
9784274222900,データサイエンス教本,橋本洋志／著 牧野浩二／著,株式会社オーム社,https://cover.openbd.jp/9784274222900.jpg,,1
9784000298513,岩波データサイエンス　1,岩波データサイエンス刊行委員会／編集,岩波書店,,,1
9784798154817,みんなのコンピュータサイエンス,WladstonFerreiraFilho／著 小山裕司／監修 小山裕司／翻訳,翔泳社,https://cover.openbd.jp/9784798154817.jpg,,1
9784798143354,なっとく！アルゴリズム,アディティア・Y・バーガバ／著 株式会社クイープ／翻訳 株式会社クイープ／監修,翔泳社,https://cover.openbd.jp/9784798143354.jpg,,1
9784492557877,爆速！　アルゴリズム,アリ・アルモッサウィ／著 吉田三知世／翻訳,東洋経済新報社,https://cover.openbd.jp/9784492557877.jpg,,1
9784478105870,プレゼン資料のデザイン図鑑,前田鎌利／著,ダイヤモンド社,https://cover.openbd.jp/9784478105870.jpg,,1
9784295003922,徹底理解ブロックチェーン : ゼロから着実にわかる次世代技術の原則,"クイープ／翻訳 Drescher,Daniel／著",インプレス,,,1
9784797399844,たのしいRuby 第6版,高橋征義／著 後藤裕蔵／著,SBクリエイティブ,https://cover.openbd.jp/9784797399844.jpg,,1
9784774188836,Ruby on Rails 5 アプリケーションプログラミング,山田祥寛／著,技術評論社,,,1
9784873118727,PythonによるAIプログラミング入門,PrateekJoshi／著 相川愛三／翻訳,オライリー・ジャパン,https://cover.openbd.jp/9784873118727.jpg,,1
9784296102464,先端技術の教科書,日経ビジネス／編集,日経ＢＰ,https://cover.openbd.jp/9784296102464.jpg,,1
9784065142981,機械学習スタートアップシリーズ　Pythonで学ぶ強化学習　入門から実践まで,久保隆宏／著,講談社,https://cover.openbd.jp/9784065142981.jpg,,1
9784061529267,ガウス過程と機械学習,持橋大地／著 大羽成征／著,講談社,https://cover.openbd.jp/9784061529267.jpg,,1
9784798055220,Node.js 超入門 第2版,掌田津耶乃／著,秀和システム,,,1
9784774194141,Swift実践入門,石川洋資／著 西山勇世／著,技術評論社,https://cover.openbd.jp/9784774194141.jpg,,1
9784883379736,iOS×BLE,堤修一／著 松村礼央／著,ソシム,https://cover.openbd.jp/9784883379736.jpg,,1
9784297105822,プロ直伝 伝わるデータ・ビジュアル術 ――Excelだけでは作れないデータ可視化レシピ,小林寿、東健二郎、河原弘宜／著 朝日孝輔、布川悠介／著 荻原和樹、中根秀樹、大野圭一朗／著 ほか,技術評論社,https://cover.openbd.jp/9784297105822.jpg,,1
9784797391398,数学ガールの秘密ノート／ビットとバイナリー,結城浩／著,ＳＢクリエイティブ,https://cover.openbd.jp/9784797391398.jpg,,1
9784797387124,数学ガールの秘密ノート／やさしい統計,結城浩／著,SBクリエイティブ,https://cover.openbd.jp/9784797387124.jpg,,1
9784862464507,AlphaZero 深層学習・強化学習・探索 人工知能プログラミング実践入門,布留川英一／著,ボーンデジタル,https://cover.openbd.jp/9784862464507.jpg,,1
9784049110142,ＡＩ白書　２０１９,独立行政法人情報処理推進機構AI白書編集委員会／編集,角川アスキー総合研究所,https://cover.openbd.jp/9784049110142.jpg,,1
9784492233733,仕掛学 人を動かすアイデアのつくり方,松村真宏／著,東洋経済新報社,https://cover.openbd.jp/9784492233733.jpg,,1
9784797395945,図解 人工知能大全,古明地正俊／著 長谷佳明／著,SBクリエイティブ,https://cover.openbd.jp/9784797395945.jpg,,1
9784274223884,詳説　人工知能,上野晴樹／著,オーム社,https://cover.openbd.jp/9784274223884.jpg,,1
9784320113374,Pythonによるベイズ統計モデリング,OsvaldoMartin／著 金子武久／翻訳,共立出版,https://cover.openbd.jp/9784320113374.jpg,,1
9781492032649,"Hands-on machine learning with Scikit-Learn, Keras, and TensorFlow : concepts, tools, and techniques to build intelligent systems",,O'Reilly,,,1
9784320113374,Pythonによるベイズ統計モデリング,OsvaldoMartin／著 金子武久／翻訳,共立出版,https://cover.openbd.jp/9784320113374.jpg,,1
9784065181782,離散数学入門　整数の誕生から「無限」まで,芳沢光雄／著,講談社,https://cover.openbd.jp/9784065181782.jpg,,1
9784315521917,人工知能 グラフィックガイド,ヘンリー・ブライトン／著,ニュートンプレス,,,1
9784315521658,ニュートン式 超図解 最強に面白い!! 統計,今野紀雄／監修,ニュートンプレス,https://cover.openbd.jp/9784315521658.jpg,,1
9784822289942,日経テクノロジー展望2020　世界を変える100の技術,日経BP／編集,日経ＢＰ,https://cover.openbd.jp/9784822289942.jpg,,1
9784315522044,ひとくちサイズの数学,クリス・ワーリング／著,ニュートンプレス,,,1
9784492503119,ＩＴナビゲーター２０２０年版,野村総合研究所ＩＣＴメディア・サービス産業コンサルティング部／著,東洋経済新報社,https://cover.openbd.jp/9784492503119.jpg,,1
9784492581148,ＩＴロードマップ　２０１９年版,野村総合研究所デジタル基盤開発部／著 ＮＲＩセキュアテクノロジーズ／著,東洋経済新報社,https://cover.openbd.jp/9784492581148.jpg,,1
9784315521856,ニュートン式 超図解 最強に面白い!! 人工知能 ディープラーニング編,松尾豊／監修,ニュートンプレス,https://cover.openbd.jp/9784315521856.jpg,,1
9784315522037,データサイエンス,ジョンD.ケレハー／著 ブレンダン・ティアニー／著,ニュートンプレス,,,1
9784798155654,見て試してわかる機械学習アルゴリズムの仕組み 機械学習図鑑,秋庭伸也／著 杉山阿聖／著 寺田学／著 加藤公一／監修,翔泳社,https://cover.openbd.jp/9784798155654.jpg,,1
9784422414201,決定版 コンピュータサイエンス図鑑,ヘレン・コールドウェル／監修 クレール・クイグリー／著 パトリシア・フォスター／著 ほか,創元社,https://cover.openbd.jp/9784422414201.jpg,,1
9784315521603,ニュートン式 超図解 最強に面白い!! 確率,,ニュートンプレス,https://cover.openbd.jp/9784315521603.jpg,,1
9784532323103,Ｘテック 2020,アクセンチュア／編集,日本経済新聞出版社,https://cover.openbd.jp/9784532323103.jpg,,1
9784065155912,強化学習,森村哲郎／著,講談社,https://cover.openbd.jp/9784065155912.jpg,,1
9784065170083,最適化手法入門,寒野善博／著 駒木文保／編集,講談社,https://cover.openbd.jp/9784065170083.jpg,,1